ID	Квота сек	Слово	Предыдущее + слово	Первая_буква	Стратегия	Порядок_буква	Порядок_весь_тест	Частотность	Пауза	VP	VS	N of words	N of words_P	N of words_O	N of words_S	Mean pause
Б_В_10	1	пара		п		1	1	152,7				59	28	13	18	2,390357143
Б_В_10	1	период	пара период	п	8	2	2	204,2	0,1			59	28	13	18	2,390357143
Б_В_10	1	парад	период парад	п	11	3	3	13,2	3,15	1		59	28	13	18	2,390357143
Б_В_10	1	предлог	парад предлог	п	8	4	4	12,7	1	1		59	28	13	18	2,390357143
Б_В_10	1	по	предлог по	п	3	5	5	5786,7	0,7			59	28	13	18	2,390357143
Б_В_10	1	повреждение	по повреждение	п	8	6	6	18,5	3,34	1		59	28	13	18	2,390357143
Б_В_10	1	походка	повреждение походка	п	8	7	7	16,3	0,1			59	28	13	18	2,390357143
Б_В_10	1	переход	походка переход	п	2	8	8	89,3	0,1			59	28	13	18	2,390357143
Б_В_10	1	панама	переход панама	п	8	9	9	2,1	2	1		59	28	13	18	2,390357143
Б_В_10	1	педали	панама педали	п	8	10	10	8,6	0,96	1		59	28	13	18	2,390357143
Б_В_10	2	павлин	педали павлин	п	8	11	11	2,4	4,31	1		59	28	13	18	2,390357143
Б_В_10	2	парк	павлин парк	п	8	12	12	69,5	1,04			59	28	13	18	2,390357143
Б_В_10	2	падать	парк падать	п	8	13	13	84,2	2,22	1		59	28	13	18	2,390357143
Б_В_10	2	парик	падать парик	п	8	14	14	7,2	0,1			59	28	13	18	2,390357143
Б_В_10	2	прикол	парик прикол	п	8	15	15	3,4	3,07			59	28	13	18	2,390357143
Б_В_10	2	парадигма	прикол парадигма	п	8	16	16	7,6	3,46	1		59	28	13	18	2,390357143
Б_В_10	3	пристрастие	парадигма пристрастие	п	8	17	17	13,1	2,94	1		59	28	13	18	2,390357143
Б_В_10	3	привычка	пристрастие привычка	п	2	18	18	47,7	0,91			59	28	13	18	2,390357143
Б_В_10	3	пренебрежение	привычка пренебрежение	п	2	19	19	5,8	0,1			59	28	13	18	2,390357143
Б_В_10	3	привлекать	пренебрежение привлекать	п	2	20	20	38,7	3,39	1		59	28	13	18	2,390357143
Б_В_10	3	прием	привлекать прием	п	2	21	21	109,8	0,83	1		59	28	13	18	2,390357143
Б_В_10	3	принимать	прием принимать	п	2	22	22	207,7	2,42	1		59	28	13	18	2,390357143
Б_В_10	3	предавать	принимать предавать	п	8	23	23	6,4	1,55	1		59	28	13	18	2,390357143
Б_В_10	3	показывать	предавать показывать	п	8	24	24	155	0,77	1		59	28	13	18	2,390357143
Б_В_10	3	проводить	показывать проводить 	п	8	25	25	167,6	0,1			59	28	13	18	2,390357143
Б_В_10	3	повод	проводить повод	п	2	26	26	151,2	0,59	1		59	28	13	18	2,390357143
Б_В_10	3	принятие	повод принятие	п	8	27	27	69,5	3,81	1		59	28	13	18	2,390357143
Б_В_10	3	проблема	принятие проблема	п	8	28	28	474,9	0,1			59	28	13	18	2,390357143
Б_В_10	1	отвержение		о		1	29	1,1				59	28	13	18	2,390357143
Б_В_10	1	общество	отвержение общество	о	3	2	30	314,7	0,1			59	28	13	18	2,390357143
Б_В_10	1	организация	общество организация	о	6	3	31	312,4	0,33			59	28	13	18	2,390357143
Б_В_10	1	остров	организация остров	о	8	4	32	95,7	2,81			59	28	13	18	2,390357143
Б_В_10	1	окорок	остров окорок	о	8	5	33	2,2	0,44	1		59	28	13	18	2,390357143
Б_В_10	1	организация	окорок организация	о	8	6	34	312,4	1,48	1		59	28	13	18	2,390357143
Б_В_10	1	оргАн	организация оргАн	о	1	7	35	288,4	1,3			59	28	13	18	2,390357143
Б_В_10	1	Орган	оргАн Орган	о	1	8	36	288,4	0,54	1		59	28	13	18	2,390357143
Б_В_10	1	октава	Орган октава	о	33	9	37	1,5	2,65			59	28	13	18	2,390357143
Б_В_10	2	орк	октава орк	о	11	10	38	0,6	10,98	1		59	28	13	18	2,390357143
Б_В_10	2	онтогенез	орк онтогенез	о	8	11	39	1,7	3,33			59	28	13	18	2,390357143
Б_В_10	3	опция	онтогенез опция	о	8	12	40	2,4	6,47			59	28	13	18	2,390357143
Б_В_10	3	онкология	опция онкология	о	5	13	41	1	10,91			59	28	13	18	2,390357143
Б_В_10	1	совместимость		с		1	42	2,9				59	28	13	18	2,390357143
Б_В_10	1	сообщество	совместимость сообщество	с	2	2	43	36,3	0,1			59	28	13	18	2,390357143
Б_В_10	1	студент	сообщество студент	с	3	3	44	105,4	0,55	1		59	28	13	18	2,390357143
Б_В_10	1	ссора	студент ссора	с	8	4	45	13,8	4,11	1		59	28	13	18	2,390357143
Б_В_10	1	собеседование	ссора собеседование	с	3	5	46	5,6	1,82	1		59	28	13	18	2,390357143
Б_В_10	1	среда	собеседование среда	с	8	6	47	142,4	2,08	1		59	28	13	18	2,390357143
Б_В_10	1	социология	среда социология	с	8	7	48	10,5	1,74			59	28	13	18	2,390357143
Б_В_10	1	сон	социология сон	с	8	8	49	152,7	1,73			59	28	13	18	2,390357143
Б_В_10	2	сом	сон сом	с	1	9	50	2,9	1,29	1		59	28	13	18	2,390357143
Б_В_10	2	сор	сом сор	с	1	10	51	3,8	0,1			59	28	13	18	2,390357143
Б_В_10	2	совесть	сор совесть	с	8	11	52	58,6	1,75	1		59	28	13	18	2,390357143
Б_В_10	2	солнце	совесть солнце	с	8	12	53	165,2	2,69	1		59	28	13	18	2,390357143
Б_В_10	2	сознание	солнце сознание	с	8	13	54	145,2	5,67	1		59	28	13	18	2,390357143
Б_В_10	3	соринка	сознание соринка	с	8	14	55	1,3	10,92	1		59	28	13	18	2,390357143
Б_В_10	3	сода	соринка сода	с	8	15	56	2,6	0,1			59	28	13	18	2,390357143
Б_В_10	3	серотонин	сода серотонин	с	8	16	57	0,4	8,15			59	28	13	18	2,390357143
Б_В_10	3	ситуация	серотонин ситуация 	с	8	17	58	298,8	0,1			59	28	13	18	2,390357143
Б_В_10	3	салют	ситуация салют	с	8	18	59	8,1	6,46			59	28	13	18	2,390357143
Б_В_24	1	пистолет		п		1	1	59,4				40	10	13	17	2,74027027
Б_В_24	1	пинг-понг	пистолет пинг-понг	п	8	2	2	1,1	1,63	1		40	10	13	17	2,74027027
Б_В_24	1	пушка	пинг-понг пушка	п	33	3	3	24,6	1,89			40	10	13	17	2,74027027
Б_В_24	1	поп	пушка поп	п	8	4	4	13,5	2,33	1		40	10	13	17	2,74027027
Б_В_24	1	плотник	поп плотник	п	3	5	5	7,2	5,18	1		40	10	13	17	2,74027027
Б_В_24	1	плот	плотник плот	п	1	6	6	8	2,43			40	10	13	17	2,74027027
Б_В_24	1	плод	плот плод	п	1	7	7	47,5	1,27			40	10	13	17	2,74027027
Б_В_24	2	плач	плод плач	п	8	8	8	12,2	4,88			40	10	13	17	2,74027027
Б_В_24	2	пинок	плач пинок	п	8	9	9	4,4	3,11			40	10	13	17	2,74027027
Б_В_24	2	право	пинок право	п	8	10	10	461,4	4,13			40	10	13	17	2,74027027
Б_В_24	1	олень		о		1	11	15,6				40	10	13	17	2,74027027
Б_В_24	1	овощ	олень овощ	о	8	2	12	1,6	0,58			40	10	13	17	2,74027027
Б_В_24	1	огонь	овощ огонь	о	8	3	13	139,8	1,82	1		40	10	13	17	2,74027027
Б_В_24	1	овод	огонь овод	о	11	4	14	1	1,15			40	10	13	17	2,74027027
Б_В_24	1	ободок	овод ободок	о	8	5	15	1,8	1,63			40	10	13	17	2,74027027
Б_В_24	1	онтогенез	ободок онтогенез	о	8	6	16	1,7	3,11			40	10	13	17	2,74027027
Б_В_24	1	общество	онтогенез общество	о	8	7	17	314,7	2,54	1		40	10	13	17	2,74027027
Б_В_24	1	одуванчик	общество одуванчик	о	8	8	18	4,5	1,99			40	10	13	17	2,74027027
Б_В_24	2	область	одуванчик область	о	8	9	19	400,2	10,79	1		40	10	13	17	2,74027027
Б_В_24	2	один	область один 	о	8	10	20	529,5	3,3			40	10	13	17	2,74027027
Б_В_24	2	однородный	один однородный	о	2	11	21	7,6	1,3			40	10	13	17	2,74027027
Б_В_24	2	одиночка	однородный одиночка	о	2	12	22	17,8	1,85			40	10	13	17	2,74027027
Б_В_24	3	орнамент	одиночка орнамент	о	8	13	23	6	11,97			40	10	13	17	2,74027027
Б_В_24	1	собака		с		1	24	132,2				40	10	13	17	2,74027027
Б_В_24	1	сумка	собака сумка	с	8	2	25	55,5	0,58			40	10	13	17	2,74027027
Б_В_24	1	суеверия	сумка суеверия	с	8	3	26	3,8	1,44			40	10	13	17	2,74027027
Б_В_24	1	сущность	суеверия сущность	с	3	4	27	62	1,11			40	10	13	17	2,74027027
Б_В_24	1	сон	сущность сон	с	3	5	28	152,7	1,63			40	10	13	17	2,74027027
Б_В_24	1	сердце	сон сердце	с	8	6	29	245,1	2,58			40	10	13	17	2,74027027
Б_В_24	1	синева	сердце синева	с	8	7	30	7,9	4,57			40	10	13	17	2,74027027
Б_В_24	1	синий	синева синий	с	2	8	31	82,8	0,1			40	10	13	17	2,74027027
Б_В_24	1	соленый	синий соленый	с	8	9	32	15,6	0,48			40	10	13	17	2,74027027
Б_В_24	2	собственный	соленый собственный	с	8	10	33	338,3	1,22			40	10	13	17	2,74027027
Б_В_24	2	слабый	собственный слабый	с	8	11	34	94,1	1,72			40	10	13	17	2,74027027
Б_В_24	2	сильный	слабый сильный	с	6	12	35	220,5	1,76			40	10	13	17	2,74027027
Б_В_24	2	слюни	сильный слюни	с	8	13	36	2,3	3,76			40	10	13	17	2,74027027
Б_В_24	2	станок	слюни станок	с	8	14	37	17,5	4,06			40	10	13	17	2,74027027
Б_В_24	2	стон	станок стон	с	8	15	38	14,5	1,75			40	10	13	17	2,74027027
Б_В_24	3	столица	стон столица	с	8	16	39	100,2	4,39			40	10	13	17	2,74027027
Б_В_24	3	столб	столица столб	с	8	17	40	32,7	1,36			40	10	13	17	2,74027027
Б_Д_20	1	помидор		п		1	1	15,4				46	17	17	12	3,726976744
Б_Д_20	1	педаль	помидор педаль	п	8	2	2	8,6	1,86	1		46	17	17	12	3,726976744
Б_Д_20	1	порог	педаль порог	п	8	3	3	64,2	2,08	1		46	17	17	12	3,726976744
Б_Д_20	1	Пирокинезис	порог Пирокинезис	п	8	4	4		1,81			46	17	17	12	3,726976744
Б_Д_20	1	пасмурно	Пирокинезис пасмурно	п	8	5	5	1,2	1,48			46	17	17	12	3,726976744
Б_Д_20	1	погода	пасмурно погода	п	3	6	6	51,7	0,69			46	17	17	12	3,726976744
Б_Д_20	1	пирожок	погода пирожок	п	8	7	7	12,1	0,3			46	17	17	12	3,726976744
Б_Д_20	2	пирог	пирожок пирог	п	2	8	8	16,3	9,54	1		46	17	17	12	3,726976744
Б_Д_20	2	пункция	пирог пункция	п	8	9	9		4,29			46	17	17	12	3,726976744
Б_Д_20	2	Пизанская	пункция Пизанская	п	8	10	10		5,02			46	17	17	12	3,726976744
Б_Д_20	3	песто	Пизанская песто	п	3	11	11		8,38			46	17	17	12	3,726976744
Б_Д_20	3	парашют	песто парашют	п	8	12	12	9,9	8,94			46	17	17	12	3,726976744
Б_Д_20	3	после	парашют после	п	8	13	13	1080,1	3,57			46	17	17	12	3,726976744
Б_Д_20	3	пОра	после пОра	п	8	14	14	358,2	3,77			46	17	17	12	3,726976744
Б_Д_20	3	пирамида	пОра пирамида	п	8	15	15	16	5,44			46	17	17	12	3,726976744
Б_Д_20	4	пуск	пирамида пуск	п	8	16	16	11,1	7,67			46	17	17	12	3,726976744
Б_Д_20	4	пусковой	пуск пусковой	п	2	17	17	4,4	1,21			46	17	17	12	3,726976744
Б_Д_20	1	очки		о		1	18	56				46	17	17	12	3,726976744
Б_Д_20	1	охрана	очки охрана	о	8	2	19	90,9	1,48			46	17	17	12	3,726976744
Б_Д_20	1	обошел	охрана обошел	о	8	3	20		2,15			46	17	17	12	3,726976744
Б_Д_20	1	обогнул	обошел обогнул	о	6	4	21		3,28	1	1	46	17	17	12	3,726976744
Б_Д_20	1	оставить	обогнул оставить 	о	8	5	22	210,5	1,7			46	17	17	12	3,726976744
Б_Д_20	1	ольха	оставить ольха	о	8	6	23	1,9	3,95	1		46	17	17	12	3,726976744
Б_Д_20	2	огород	ольха огород	о	8	7	24	28,2	1,8			46	17	17	12	3,726976744
Б_Д_20	2	огурец	огород огурец	о	1	8	25	18,9	0,1			46	17	17	12	3,726976744
Б_Д_20	2	октябрь	огурец октябрь	о	8	9	26	92,2	3,14			46	17	17	12	3,726976744
Б_Д_20	2	оратор	октябрь оратор	о	8	10	27	8,2	12,32	1		46	17	17	12	3,726976744
Б_Д_20	2	ораторство	оратор ораторство	о	2	11	28		1,5			46	17	17	12	3,726976744
Б_Д_20	3	ор	ораторство ор	о	2	12	29	7	1,21			46	17	17	12	3,726976744
Б_Д_20	3	осколок	ор осколок	о	8	13	30	20,4	3,02	1		46	17	17	12	3,726976744
Б_Д_20	3	оскаливаться	осколок оскаливаться	о	1	14	31		0,64			46	17	17	12	3,726976744
Б_Д_20	3	оперировать	оскаливаться оперировать	о	8	15	32	12,9	7,69	1	1	46	17	17	12	3,726976744
Б_Д_20	3	операция	оперировать операция	о	2	16	33	153,3	0,3			46	17	17	12	3,726976744
Б_Д_20	3	освободить	операция освободить 	о	8	17	34	43,5	2,35			46	17	17	12	3,726976744
Б_Д_20	1	станок		с		1	35	17,5				46	17	17	12	3,726976744
Б_Д_20	1	совещание	станок совещание	с	8	2	36	43,3	0,3			46	17	17	12	3,726976744
Б_Д_20	1	сосиски	совещание сосиски	с	8	3	37	7,5	1,18	1		46	17	17	12	3,726976744
Б_Д_20	1	салют	сосиски салют	с	8	4	38	8,1	3,47		1	46	17	17	12	3,726976744
Б_Д_20	1	социология	салют социология	с	8	5	39	10,5	5,8		1	46	17	17	12	3,726976744
Б_Д_20	2	соль	социология соль	с	8	6	40	39,4	5,15	1		46	17	17	12	3,726976744
Б_Д_20	2	соляной	соль соляной	с	2	7	41	2,6	2			46	17	17	12	3,726976744
Б_Д_20	2	солевой	соляной солевой	с	2	8	42	0,9	1,49			46	17	17	12	3,726976744
Б_Д_20	2	сестра	солевой сестра	с	8	9	43	121,3	7,97	1		46	17	17	12	3,726976744
Б_Д_20	2	срач	сестра срач	с	8	10	44		4,02			46	17	17	12	3,726976744
Б_Д_20	3	сардельки	срач сардельки	с	8	11	45	1,9	7,21		1	46	17	17	12	3,726976744
Б_Д_20	3	Серафим	сардельки Серафим	с	8	12	46	14,5	8,99	1	1	46	17	17	12	3,726976744
Б_К_9	1	пунш		п		1	1	0,7				42	16	8	18	3,074615385
Б_К_9	1	постройка	пунш постройка	п	8	2	2	23,5	1,32	1		42	16	8	18	3,074615385
Б_К_9	1	пирог	постройка пирог	п	11	3	3	16,3	0,91			42	16	8	18	3,074615385
Б_К_9	1	пост	пирог пост	п	8	4	4	84,3	3,32	1		42	16	8	18	3,074615385
Б_К_9	1	пир	пост пир	п	22	5	5	11,2	1,75	1		42	16	8	18	3,074615385
Б_К_9	1	плойка	пир плойка	п	8	6	6		3,77	1		42	16	8	18	3,074615385
Б_К_9	1	пульт	плойка пульт	п	8	7	7	11,2	2,45			42	16	8	18	3,074615385
Б_К_9	2	пульверизатор	пульт пульверизатор	п	1	8	8	0,6	1,29			42	16	8	18	3,074615385
Б_К_9	2	пол	пульверизатор пол	п	8	9	9	181,9	4,71		1	42	16	8	18	3,074615385
Б_К_9	2	пипидастр	пол пипидастр	п	8	10	10		3,52	1		42	16	8	18	3,074615385
Б_К_9	2	поле	пипидастр поле	п	8	11	11	180,2	6,31	1		42	16	8	18	3,074615385
Б_К_9	3	пума	поле пума 	п	8	12	12	0,6	2,54			42	16	8	18	3,074615385
Б_К_9	3	пони	пума пони	п	3	13	13	1,5	1,85	1		42	16	8	18	3,074615385
Б_К_9	3	принт	пони принт	п	8	14	14		9,06			42	16	8	18	3,074615385
Б_К_9	3	поза	принт поза	п	8	15	15	29,8	1,13			42	16	8	18	3,074615385
Б_К_9	4	пиджак	поза пиджак	п	8	16	16	38,1	13,14	1	1	42	16	8	18	3,074615385
Б_К_9	1	очки		о		1	17	56				42	16	8	18	3,074615385
Б_К_9	1	облако	очки облако	о	8	2	18	43	0,2			42	16	8	18	3,074615385
Б_К_9	1	огонь	облако огонь	о	8	3	19	139,8	0,2			42	16	8	18	3,074615385
Б_К_9	1	осень	огонь осень	о	8	4	20	81,8	8,26	1		42	16	8	18	3,074615385
Б_К_9	1	озеро	осень озеро	о	8	5	21	54,9	3,09			42	16	8	18	3,074615385
Б_К_9	2	осенний	озеро осенний	о	22	6	22	27,8	12,02	1	1	42	16	8	18	3,074615385
Б_К_9	2	очень	осенний очень	о	8	7	23	1286,8	1,35	1		42	16	8	18	3,074615385
Б_К_9	2	обычный	очень обычный	о	8	8	24	148,7	3,63	1		42	16	8	18	3,074615385
Б_К_9	1	сон		с		1	25	152,7				42	16	8	18	3,074615385
Б_К_9	1	соня	сон соня	с	2	2	26	17,7	0,2			42	16	8	18	3,074615385
Б_К_9	1	стресс	соня стресс	с	8	3	27	12,4	4,12			42	16	8	18	3,074615385
Б_К_9	1	смерть	стресс смерть	с	3	4	28	284,1	0,1			42	16	8	18	3,074615385
Б_К_9	1	смог	смерть смог	с	8	5	29	1	1,17			42	16	8	18	3,074615385
Б_К_9	1	стоять	смог стоять	с	8	6	30	419,3	1,67			42	16	8	18	3,074615385
Б_К_9	1	сидеть	стоять сидеть	с	7	7	31	538,1	0,99			42	16	8	18	3,074615385
Б_К_9	1	стул	сидеть стул	с	3	8	32	87,6	0,1			42	16	8	18	3,074615385
Б_К_9	1	стол	стул стол	с	7	9	33	402,5	0,1			42	16	8	18	3,074615385
Б_К_9	2	сны	стол сны	с	8	10	34		6,05	1	1	42	16	8	18	3,074615385
Б_К_9	2	стена	сны стена	с	33	11	35	261	1,35			42	16	8	18	3,074615385
Б_К_9	2	стеллаж	стена стеллаж	с	3	12	36	6,5	2,46			42	16	8	18	3,074615385
Б_К_9	2	собака	стеллаж собака	с	8	13	37	132,2	0,74			42	16	8	18	3,074615385
Б_К_9	2	сочный	собака сочный	с	8	14	38	9,4	4,03	1		42	16	8	18	3,074615385
Б_К_9	2	стержень	сочный стержень	с	8	15	39	8,7	1,87			42	16	8	18	3,074615385
Б_К_9	3	смирно	стержень смирно	с	8	16	40	6,5	2,74			42	16	8	18	3,074615385
Г_Ю_13	1	папа		п		1	1	143,4				39	16	7	16	3,866111111
Г_Ю_13	1	поросль	папа поросль	п	8	2	2	2,5	1,51			39	16	7	16	3,866111111
Г_Ю_13	1	претит	поросль претит	п	8	3	3	1,6	3,49	1		39	16	7	16	3,866111111
Г_Ю_13	1	прыгать	претит прыгать	п	8	4	4	38,5	0,73			39	16	7	16	3,866111111
Г_Ю_13	1	падать	прыгать падать	п	3	5	5	84,2	1,92			39	16	7	16	3,866111111
Г_Ю_13	1	полный	падать полный	п	8	6	6	390,6	1,49			39	16	7	16	3,866111111
Г_Ю_13	1	перекись	полный перекись	п	8	7	7	1,5	2,47			39	16	7	16	3,866111111
Г_Ю_13	2	пнуть	перекись пнуть	п	8	8	8	5,3	4,03			39	16	7	16	3,866111111
Г_Ю_13	2	плохой	пнуть плохой	п	8	9	9	221,6	2,98			39	16	7	16	3,866111111
Г_Ю_13	2	продукт	плохой продукт	п	8	10	10	136,7	1,75			39	16	7	16	3,866111111
Г_Ю_13	2	пес	продукт пес	п	8	11	11	30,7	4,77			39	16	7	16	3,866111111
Г_Ю_13	3	плесень	пес плесень 	п	8	12	12	4,1	5,81			39	16	7	16	3,866111111
Г_Ю_13	3	поникнуть	плесень поникнуть	п	8	13	13	3,3	3,78			39	16	7	16	3,866111111
Г_Ю_13	3	плакать	поникнуть плакать	п	6	14	14	103,9	6,58			39	16	7	16	3,866111111
Г_Ю_13	3	песня	плакать песня	п	8	15	15	160,1	4,07			39	16	7	16	3,866111111
Г_Ю_13	3	пенсия	песня пенсия 	п	8	16	16	53,9	0,89			39	16	7	16	3,866111111
Г_Ю_13	1	окно		о		1	17	280,8				39	16	7	16	3,866111111
Г_Ю_13	1	оранжевый	оранжевый	о	8	2	18	15,6	3,24			39	16	7	16	3,866111111
Г_Ю_13	1	апельсин	апельсин	о	3	3	19	7,6	1,56			39	16	7	16	3,866111111
Г_Ю_13	1	около	около	о	8	4	20	228,1	7,96	1		39	16	7	16	3,866111111
Г_Ю_13	2	однако	однако	о	8	5	21	35,7	11,02			39	16	7	16	3,866111111
Г_Ю_13	2	ожесточить	ожесточить	о	8	6	22	0,8	5,29			39	16	7	16	3,866111111
Г_Ю_13	3	одиночество	одиночество	о	8	7	23	40,7	20,19		1	39	16	7	16	3,866111111
Г_Ю_13	1	семья		с		1	24	276,6				39	16	7	16	3,866111111
Г_Ю_13	1	свалка	семья свалка	с	8	2	25	12,4	1,28			39	16	7	16	3,866111111
Г_Ю_13	1	собственность	свалка собственность	с	3	3	26	88,9	0,67	1		39	16	7	16	3,866111111
Г_Ю_13	1	сироп	собственность сироп	с	8	4	27	7,6	0,3			39	16	7	16	3,866111111
Г_Ю_13	1	сон	сироп сон	с	8	5	28	152,7	0,84			39	16	7	16	3,866111111
Г_Ю_13	1	скамейка	сон скамейка	с	8	6	29	29	0,99			39	16	7	16	3,866111111
Г_Ю_13	1	секрет	скамейка секрет	с	8	7	30	49	1,34			39	16	7	16	3,866111111
Г_Ю_13	1	санки	секрет санки	с	8	8	31	4,9	0,64			39	16	7	16	3,866111111
Г_Ю_13	1	сирота	санки сирота	с	8	9	32	12,1	2,04			39	16	7	16	3,866111111
Г_Ю_13	2	сам	сирота сам	с	3	10	33	1986,3	5,02			39	16	7	16	3,866111111
Г_Ю_13	2	сложность	сам сложность	с	8	11	34	42,6	2,41			39	16	7	16	3,866111111
Г_Ю_13	2	сигнал	сложность сигнал	с	8	12	35	56,5	1,6			39	16	7	16	3,866111111
Г_Ю_13	3	синхрон	сигнал синхрон	с	8	13	36		18,06	1		39	16	7	16	3,866111111
Г_Ю_13	3	слепок	синхрон слепок	с	8	14	37	1,8	2,15			39	16	7	16	3,866111111
Г_Ю_13	3	сожалеть	слепок сожалеть	с	8	15	38	8,5	3,09			39	16	7	16	3,866111111
Г_Ю_13	3	слон	сожалеть слон	с	8	16	39	23,8	3,22			39	16	7	16	3,866111111
Д_Л_14	1	помидор		п		1	1	15,4				53	19	16	18	3,2036
Д_Л_14	1	полотенце	помидор полотенце	п	8	2	2	20,5	1,75			53	19	16	18	3,2036
Д_Л_14	1	покрывало	полотенце покрывало	п	3	3	3	7,1	0,66			53	19	16	18	3,2036
Д_Л_14	1	полотно	покрывало полотно	п	3	4	4	19,4	0,89			53	19	16	18	3,2036
Д_Л_14	1	пень	полотно пень	п	8	5	5	9,3	8,1			53	19	16	18	3,2036
Д_Л_14	2	правило	пень правило	п	8	6	6	258,8	3,04			53	19	16	18	3,2036
Д_Л_14	2	потолок	правило потолок	п	8	7	7	57,9	0,89			53	19	16	18	3,2036
Д_Л_14	2	пол	потолок пол	п	7	8	8	181,9	0,74			53	19	16	18	3,2036
Д_Л_14	2	папка	пол папка	п	8	9	9	29,7	0,87			53	19	16	18	3,2036
Д_Л_14	2	праздник	папка праздник	п	8	10	10	115	2,8			53	19	16	18	3,2036
Д_Л_14	2	предмет	праздник предмет	п	8	11	11	154,4	2,24			53	19	16	18	3,2036
Д_Л_14	2	поход	предмет поход	п	8	12	12	34,7	1,95			53	19	16	18	3,2036
Д_Л_14	2	погода	поход погода	п	8	13	13	51,7	1,39			53	19	16	18	3,2036
Д_Л_14	3	памятник	погода памятник	п	8	14	14	63,8	1,57			53	19	16	18	3,2036
Д_Л_14	3	память	памятник память	п	2	15	15	174,5	0,64			53	19	16	18	3,2036
Д_Л_14	3	право	память право	п	8	16	16	461,4	4,31			53	19	16	18	3,2036
Д_Л_14	3	природа	право природа	п	8	17	17	169,9	2,84			53	19	16	18	3,2036
Д_Л_14	3	поросенок	природа поросенок	п	8	18	18	10,5	5,41			53	19	16	18	3,2036
Д_Л_14	4	перерыв	поросенок перерыв	п	8	19	19	32,1	6,24			53	19	16	18	3,2036
Д_Л_14	1	облако		о		1	20	43				53	19	16	18	3,2036
Д_Л_14	1	отпуск	облако отпуск	о	8	2	21	44,8	0,91			53	19	16	18	3,2036
Д_Л_14	1	опус	отпуск опус	о	1	3	22	4,2	1,15			53	19	16	18	3,2036
Д_Л_14	1	обед	опус обед	о	8	4	23	69,7	1,83			53	19	16	18	3,2036
Д_Л_14	1	одеяло	обед одеяло	о	8	5	24	38,8	2,85			53	19	16	18	3,2036
Д_Л_14	1	отдых	одеяло отдых	о	3	6	25	57,6	2,01			53	19	16	18	3,2036
Д_Л_14	1	орбита	отдых орбита	о	8	7	26	15	2,03			53	19	16	18	3,2036
Д_Л_14	2	овал	орбита овал	о	3	8	27	4,4	2,27			53	19	16	18	3,2036
Д_Л_14	2	озеро	овал озеро	о	3	9	28	54,9	3,68			53	19	16	18	3,2036
Д_Л_14	2	обрыв	озеро обрыв	о	3	10	29	15,3	2,06			53	19	16	18	3,2036
Д_Л_14	2	оргАн	обрыв оргАн	о	8	11	30	288,4	6,58			53	19	16	18	3,2036
Д_Л_14	2	орех	оргАн орех	о	8	12	31	15,7	3,37			53	19	16	18	3,2036
Д_Л_14	3	орел	орех орел	о	1	13	32	19,7	2,45			53	19	16	18	3,2036
Д_Л_14	3	ор	орел ор	о	1	14	33	7	2,2			53	19	16	18	3,2036
Д_Л_14	3	очерк	ор очерк	о	8	15	34	20,1	11,69			53	19	16	18	3,2036
Д_Л_14	3	овес	очерк овес	о	8	16	35	5,3	5,11			53	19	16	18	3,2036
Д_Л_14	1	солнце		с		1	36	165,2				53	19	16	18	3,2036
Д_Л_14	1	статуя	солнце статуя	с	8	2	37	16,1	0,75			53	19	16	18	3,2036
Д_Л_14	1	саванна	статуя саванна	с	8	3	38	1	0,79			53	19	16	18	3,2036
Д_Л_14	1	собака	саванна собака	с	8	4	39	132,2	5,88	1		53	19	16	18	3,2036
Д_Л_14	1	свет	собака свет	с	8	5	40	359,7	2,35			53	19	16	18	3,2036
Д_Л_14	1	сверло	свет сверло	с	1	6	41	1,1	1,56			53	19	16	18	3,2036
Д_Л_14	2	свекла	сверло свекла	с	1	7	42	7,4	3,91			53	19	16	18	3,2036
Д_Л_14	2	секунда	свекла секунда	с	8	8	43	105,2	4,39			53	19	16	18	3,2036
Д_Л_14	2	сварка	секунда сварка	с	8	9	44	4,1	2,52			53	19	16	18	3,2036
Д_Л_14	2	соревнование	сварка соревнование	с	8	10	45	32,7	1,71			53	19	16	18	3,2036
Д_Л_14	2	собирать	соревнование собирать	с	8	11	46	75,1	4,99			53	19	16	18	3,2036
Д_Л_14	3	сборка	собирать сборка	с	2	12	47	10,4	1,13			53	19	16	18	3,2036
Д_Л_14	3	сговор	сборка сговор	с	2	13	48	6,4	9,47	1		53	19	16	18	3,2036
Д_Л_14	3	сдача	сговор сдача	с	2	14	49	20	8,72			53	19	16	18	3,2036
Д_Л_14	4	седина	сдача седина	с	8	15	50	6,9	5,2			53	19	16	18	3,2036
Д_Л_14	4	сражение	седина сражение	с	8	16	51	17,4	6,3			53	19	16	18	3,2036
Д_Л_14	4	собрание	сражение собрание	с	8	17	52	109,9	2,33			53	19	16	18	3,2036
Д_Л_14	4	спор	собрание спор	с	8	18	53	79,2	1,66			53	19	16	18	3,2036
Е_Е_5	1	папа		п		1	1	143,4				38	15	8	15	3,886571429
Е_Е_5	1	парус	папа парус	п	8	2	2	15,2	1,84			38	15	8	15	3,886571429
Е_Е_5	1	портрет	парус портрет	п	1	3	3	73,6	1,76			38	15	8	15	3,886571429
Е_Е_5	1	паркет	портрет паркет	п	1	4	4	8,4	1,36			38	15	8	15	3,886571429
Е_Е_5	1	пыль	паркет пыль	п	3	5	5	53,5	1,95	1		38	15	8	15	3,886571429
Е_Е_5	1	плыть	пыль плыть	п	1	6	6	42,5	2,74			38	15	8	15	3,886571429
Е_Е_5	1	привет	плыть привет	п	8	7	7	45,8	2,07			38	15	8	15	3,886571429
Е_Е_5	2	плен	привет плен	п	8	8	8	22,2	7,37	1		38	15	8	15	3,886571429
Е_Е_5	2	палка	плен палка	п	8	9	9	32,9	7,82			38	15	8	15	3,886571429
Е_Е_5	3	платить	палка платить	п	8	10	10	96,9	6,63			38	15	8	15	3,886571429
Е_Е_5	3	помощь	платить помощь	п	8	11	11	300,1	5,35	1		38	15	8	15	3,886571429
Е_Е_5	3	пир	помощь пир	п	8	12	12	11,2	3,19			38	15	8	15	3,886571429
Е_Е_5	3	пар	пир пар	п	1	13	13	26,2	0,6			38	15	8	15	3,886571429
Е_Е_5	3	платок	пар платок	п	8	14	14	40,3	1,82			38	15	8	15	3,886571429
Е_Е_5	3	площадь	платок площадь	п	8	15	15	145,2	8,27			38	15	8	15	3,886571429
Е_Е_5	1	окно		о		1	16	280,8				38	15	8	15	3,886571429
Е_Е_5	1	облако	окно облако	о	5	2	17	43	3	1		38	15	8	15	3,886571429
Е_Е_5	1	очки	облако очки	о	8	3	18	56	8,95			38	15	8	15	3,886571429
Е_Е_5	1	обезьяна	очки обезьяна	о	8	4	19	17,4	1,1			38	15	8	15	3,886571429
Е_Е_5	2	олень	обезьяна олень	о	3	5	20	15,6	1,51			38	15	8	15	3,886571429
Е_Е_5	2	открывать	олень открывать	о	8	6	21	85,7	3,11			38	15	8	15	3,886571429
Е_Е_5	2	отец	открывать отец	о	8	7	22	484,1	7,86			38	15	8	15	3,886571429
Е_Е_5	3	ожидание	отец ожидание	о	8	8	23	64	8,72			38	15	8	15	3,886571429
Е_Е_5	1	семь		с		1	24	103				38	15	8	15	3,886571429
Е_Е_5	1	стена	семь стена	с	8	2	25	261	0,92			38	15	8	15	3,886571429
Е_Е_5	1	стол	стена стол	с	5	3	26	402,5	1,5			38	15	8	15	3,886571429
Е_Е_5	1	стул	стол стул	с	7	4	27	87,6	0,1			38	15	8	15	3,886571429
Е_Е_5	1	смотреть	стул смотреть	с	8	5	28	667,2	1,93			38	15	8	15	3,886571429
Е_Е_5	1	смеяться	смотреть смеяться	с	8	6	29	117,9	0,3			38	15	8	15	3,886571429
Е_Е_5	1	сильный	смеяться сильный	с	8	7	30	220,5	3,67			38	15	8	15	3,886571429
Е_Е_5	1	слабый	сильный слабый	с	6	8	31	94,1	1,65			38	15	8	15	3,886571429
Е_Е_5	2	сорок	слабый сорок	с	8	9	32	99,5	5,54			38	15	8	15	3,886571429
Е_Е_5	2	словарь	сорок словарь	с	8	10	33	23,9	7,49			38	15	8	15	3,886571429
Е_Е_5	2	сутки	словарь сутки	с	8	11	34	85,4	3,11			38	15	8	15	3,886571429
Е_Е_5	3	сила	сутки сила	с	8	12	35	645,8	11,87	1		38	15	8	15	3,886571429
Е_Е_5	3	слово	сила слово	с	8	13	36	967,9	1,89			38	15	8	15	3,886571429
Е_Е_5	3	собака	слово собака	с	8	14	37	132,2	3,77			38	15	8	15	3,886571429
Е_Е_5	4	слышать	собака слышать	с	33	15	38	256,1	5,27			38	15	8	15	3,886571429
К_А_15	1	премьера		п		1	1	30,8				59	21	17	21	2,180892857
К_А_15	1	предмет	премьера предмет	п	8	2	2	154,4	0,3			59	21	17	21	2,180892857
К_А_15	1	предположить	предмет предположить	п	2	3	3	201,2	0,88	1		59	21	17	21	2,180892857
К_А_15	1	прочность	предположить прочность	п	8	4	4	17,1	1,7	1		59	21	17	21	2,180892857
К_А_15	1	проверка	прочность проверка	п	7	5	5	64,2	0,2			59	21	17	21	2,180892857
К_А_15	1	предприниматель	проверка предприниматель	п	8	6	6	49,7	1,21			59	21	17	21	2,180892857
К_А_15	1	проба	предприниматель проба	п	8	7	7	23,5	1,44	1		59	21	17	21	2,180892857
К_А_15	1	пробка	проба пробка	п	1	8	8	21,3	0,57			59	21	17	21	2,180892857
К_А_15	1	проверка	пробка проверка	п	8	9	9	64,2	1,99	1		59	21	17	21	2,180892857
К_А_15	2	просмотр	проверка просмотр	п	2	10	10	12,9	0,94			59	21	17	21	2,180892857
К_А_15	2	просто	просмотр просто	п	1	11	11	82,6	2,06			59	21	17	21	2,180892857
К_А_15	2	предупредить	просто предупредить	п	8	12	12	43,8	2,75			59	21	17	21	2,180892857
К_А_15	2	прекращение	предупредить прекращение	п	8	13	13	25,3	3,9	1		59	21	17	21	2,180892857
К_А_15	2	приказ	прекращение приказ	п	8	14	14	79,4	0,79			59	21	17	21	2,180892857
К_А_15	2	противодействие	приказ противодействие	п	8	15	15	12,5	2,58			59	21	17	21	2,180892857
К_А_15	2	противоборство	противодействие противоборство	п	2	16	16	3,3	1,39	1		59	21	17	21	2,180892857
К_А_15	3	против	противоборство против	п	2	17	17	18,1	1,11			59	21	17	21	2,180892857
К_А_15	3	проказа	против проказа	п	1	18	18	1,5	3,43	1		59	21	17	21	2,180892857
К_А_15	3	пристально	проказа пристально	п	8	19	19	14,4	3			59	21	17	21	2,180892857
К_А_15	3	продукт	пристально продукт	п	8	20	20	136,7	3,62	1		59	21	17	21	2,180892857
К_А_15	3	пропуск	продукт пропуск	п	8	21	21	19,2	3,77			59	21	17	21	2,180892857
К_А_15	1	октябрь		о		1	22	92,2				59	21	17	21	2,180892857
К_А_15	1	общество	октябрь общество	о	8	2	23	314,7	1,25	1		59	21	17	21	2,180892857
К_А_15	1	осмотр	общество осмотр	о	8	3	24	16,3	0,91			59	21	17	21	2,180892857
К_А_15	1	обруч	осмотр обруч	о	8	4	25	4	3,6	1		59	21	17	21	2,180892857
К_А_15	1	образ	обруч образ	о	1	5	26	445,9	0,71			59	21	17	21	2,180892857
К_А_15	1	омар	образ омар	о	8	6	27	4	2,3			59	21	17	21	2,180892857
К_А_15	1	орангутан	омар орангутан	о	3	7	28	0,4	5,15	1		59	21	17	21	2,180892857
К_А_15	2	орать	орангутан орать	о	1	8	29	40,6	3,19	1		59	21	17	21	2,180892857
К_А_15	2	ор	орать ор	о	2	9	30	7	0,98			59	21	17	21	2,180892857
К_А_15	2	отбеливатель	ор отбеливатель	о	8	10	31		7,27	1		59	21	17	21	2,180892857
К_А_15	2	отпариватель	отбеливатель отпариватель	о	2	11	32		0,87			59	21	17	21	2,180892857
К_А_15	2	отказ	отпариватель отказ	о	8	12	33	60,9	3,24	1	1	59	21	17	21	2,180892857
К_А_15	2	обмен	отказ обмен	о	8	13	34	48,5	0,62	1		59	21	17	21	2,180892857
К_А_15	3	обострение	обмен обострение	о	8	14	35	8,8	1,14			59	21	17	21	2,180892857
К_А_15	3	омрачить	обострение омрачить	о	8	15	36	2,7	5,73	1		59	21	17	21	2,180892857
К_А_15	3	обморок	омрачить обморок	о	33	16	37	10,3	1,1			59	21	17	21	2,180892857
К_А_15	3	обдумывать	обморок обдумывать	о	8	17	38	8,3	5,41	1		59	21	17	21	2,180892857
К_А_15	1	собака		с		1	39	132,2				59	21	17	21	2,180892857
К_А_15	1	слон	собака слон	с	3	2	40	23,8	0,1			59	21	17	21	2,180892857
К_А_15	1	существо	слон существо	с	3	3	41	96,6	0,55			59	21	17	21	2,180892857
К_А_15	1	сумрак	существо сумрак	с	3	4	42	8,6	1,32			59	21	17	21	2,180892857
К_А_15	1	средство	сумрак средство	с	8	5	43	363,9	1,51	1		59	21	17	21	2,180892857
К_А_15	1	серьезность	средство серьезность	с	8	6	44	9,5	1,06			59	21	17	21	2,180892857
К_А_15	1	собственность	серьезность собственность 	с	1	7	45	88,9	2,34	1		59	21	17	21	2,180892857
К_А_15	1	способность	собственность способность	с	1	8	46	99,9	0,41			59	21	17	21	2,180892857
К_А_15	1	случай	способность случай	с	8	9	47	709,7	0,54	1		59	21	17	21	2,180892857
К_А_15	1	смелость	случай смелость	с	3	10	48	14,6	1,35	1		59	21	17	21	2,180892857
К_А_15	1	суперспособность	смелость суперспособность	с	3	11	49		1,89	1		59	21	17	21	2,180892857
К_А_15	2	самурай	суперспособность самурай	с	3	12	50	2,6	1,5	1		59	21	17	21	2,180892857
К_А_15	2	смекалка	самурай смекалка	с	3	13	51	2,3	2,58	1		59	21	17	21	2,180892857
К_А_15	2	суеверие	смекалка суеверие	с	8	14	52	3,8	4,86	1		59	21	17	21	2,180892857
К_А_15	2	смерть	суеверие смерть	с	8	15	53	284,1	3,03	1		59	21	17	21	2,180892857
К_А_15	2	смрад	смерть смрад	с	3	16	54	2	2,2	1		59	21	17	21	2,180892857
К_А_15	3	секта	смрад секта	с	8	17	55	6,6	3,05	1		59	21	17	21	2,180892857
К_А_15	3	секс	секта секс	с	8	18	56	29,6	3,05	1		59	21	17	21	2,180892857
К_А_15	3	сыворотка	секс сыворотка	с	8	19	57	25,2	4,66	1		59	21	17	21	2,180892857
К_А_15	3	снег	сыворотка снег	с	8	20	58	125,2	3,42	1		59	21	17	21	2,180892857
К_А_15	3	снежинка	снег снежинка	с	2	21	59	4,1	1,61			59	21	17	21	2,180892857
К_М_17	1	по		п		1	1	5786,7				38	13	12	13	4,483428571
К_М_17	1	перед	по перед	п	3	2	2	626,7	0,4			38	13	12	13	4,483428571
К_М_17	1	приехать	перед приехать	п	8	3	3	234,4	1,61	1		38	13	12	13	4,483428571
К_М_17	1	поехать	приехать поехать	п	2	4	4	158,4	1,47	1		38	13	12	13	4,483428571
К_М_17	1	прийти	поехать прийти	п	3	5	5	523,3	0,1			38	13	12	13	4,483428571
К_М_17	1	помочь	прийти помочь	п	8	6	6	218,8	1,75	1		38	13	12	13	4,483428571
К_М_17	1	понимать	помочь понимать	п	8	7	7	559,7	2,49	1		38	13	12	13	4,483428571
К_М_17	1	посудомойка	понимать посудомойка	п	8	8	8	0,9	2,07	1		38	13	12	13	4,483428571
К_М_17	1	пробежка	посудомойка пробежка	п	8	9	9	2,3	0,96			38	13	12	13	4,483428571
К_М_17	2	положить	пробежка положить	п	8	10	10	158,1	3,65	1		38	13	12	13	4,483428571
К_М_17	2	помидор	положить помидор	п	8	11	11	15,4	8,42		1	38	13	12	13	4,483428571
К_М_17	2	пума	помидор пума	п	8	12	12	0,6	3,21			38	13	12	13	4,483428571
К_М_17	3	план	пума план	п	8	13	13	235,3	24,17	1		38	13	12	13	4,483428571
К_М_17	1	ожог		о		1	14	6,6				38	13	12	13	4,483428571
К_М_17	1	оберег	ожог оберег	о	8	2	15	1,3	0,3			38	13	12	13	4,483428571
К_М_17	1	обойти	оберег обойти	о	2	3	16	30,4	2,88	1		38	13	12	13	4,483428571
К_М_17	1	объезд	обойти объезд	о	3	4	17	1,9	2,46	1		38	13	12	13	4,483428571
К_М_17	1	оклад	объезд оклад	о	8	5	18	11,4	2,86			38	13	12	13	4,483428571
К_М_17	1	олигарх	оклад олигарх	о	8	6	19	30,5	1,71			38	13	12	13	4,483428571
К_М_17	1	опростоволоситься	олигарх опростоволоситься	о	8	7	20	0,6	3,98			38	13	12	13	4,483428571
К_М_17	2	одежда	опростоволоситься одежда	о	8	8	21	93,7	15,96	1		38	13	12	13	4,483428571
К_М_17	3	орать	одежда орать	о	8	9	22	40,6	12,23	1		38	13	12	13	4,483428571
К_М_17	3	оберегать	орать оберегать	о	8	10	23	9	5,72	1		38	13	12	13	4,483428571
К_М_17	3	опосредовать	оберегать опосредовать	о	2	11	24	2,7	3,75			38	13	12	13	4,483428571
К_М_17	4	обрубить	опосредовать обрубить	о	2	12	25	2	5,14			38	13	12	13	4,483428571
К_М_17	1	сапожник		с		1	26	4,8				38	13	12	13	4,483428571
К_М_17	1	сапоги	сапожник сапоги	с	2	2	27	62	4,47	1		38	13	12	13	4,483428571
К_М_17	1	супруг	сапоги супруг 	с	8	3	28	31,1	4,74	1		38	13	12	13	4,483428571
К_М_17	1	съесть	супруг съесть	с	8	4	29	43,2	3,03	1		38	13	12	13	4,483428571
К_М_17	2	самокат	съесть самокат	с	8	5	30	1	2,33			38	13	12	13	4,483428571
К_М_17	2	самостоятельный	самокат самостоятельный	с	2	6	31	45,6	1,34	1		38	13	12	13	4,483428571
К_М_17	2	союз	самостоятельный союз	с	3	7	32	173,9	12,93	1		38	13	12	13	4,483428571
К_М_17	3	сокрушительный	союз сокрушительный 	с	8	8	33	4,5	4,83			38	13	12	13	4,483428571
К_М_17	3	синий	сокрушительный синий	с	8	9	34	82,8	4,4			38	13	12	13	4,483428571
К_М_17	3	слезть	синий слезть	с	8	10	35	6,5	2,42			38	13	12	13	4,483428571
К_М_17	3	скамейка	слезть скамейка 	с	8	11	36	29	0,66			38	13	12	13	4,483428571
К_М_17	3	самовар	скамейка самовар	с	8	12	37	11,7	7,24			38	13	12	13	4,483428571
К_М_17	3	самолет	самовар самолет	с	2	13	38	166,1	1,24			38	13	12	13	4,483428571
К_М_19	1	пароход		п		1	1	24,5				39	17	11	11	3,296666667
К_М_19	1	почта	пароход почта	п	8	2	2	33	0,68			39	17	11	11	3,296666667
К_М_19	1	постамат	почта постамат	п	3	3	3		0,75			39	17	11	11	3,296666667
К_М_19	1	постель	постамат постель	п	1	4	4	63,4	1,69			39	17	11	11	3,296666667
К_М_19	1	примадонна	постель примадонна	п	8	5	5	1,6	1,32			39	17	11	11	3,296666667
К_М_19	1	парковка	примадонна парковка	п	8	6	6	4,4	1,69			39	17	11	11	3,296666667
К_М_19	1	поверхность	парковка поверхность	п	8	7	7	103,4	1,86			39	17	11	11	3,296666667
К_М_19	1	плотность	поверхность плотность 	п	2	8	8	20	0,41			39	17	11	11	3,296666667
К_М_19	1	перпендикуляр	плотность перпендикуляр	п	4	9	9	0,5	2,33			39	17	11	11	3,296666667
К_М_19	1	параллелепипед	перпендикуляр параллелепипед	п	4	10	10	0,8	0,42			39	17	11	11	3,296666667
К_М_19	1	параллелограмм	параллелепипед параллелограмм	п	4	11	11		0,1			39	17	11	11	3,296666667
К_М_19	2	прямоугольный	параллелограмм прямоугольный	п	4	12	12	7	4,87			39	17	11	11	3,296666667
К_М_19	2	правый	прямоугольный правый	п	8	13	13	210,4	4,82			39	17	11	11	3,296666667
К_М_19	3	поле	правый поле	п	8	14	14	180,2	8,81			39	17	11	11	3,296666667
К_М_19	3	понятие	поле понятие	п	8	15	15	139,4	0,77			39	17	11	11	3,296666667
К_М_19	3	перрон	понятие перрон	п	8	16	16	10,6	9,25			39	17	11	11	3,296666667
К_М_19	3	помещение	перрон помещение	п	8	17	17	91,9	2,37			39	17	11	11	3,296666667
К_М_19	1	одежда		о		1	18	93,7				39	17	11	11	3,296666667
К_М_19	1	ореховый	одежда ореховый	о	8	2	19	3,4	0,1			39	17	11	11	3,296666667
К_М_19	1	оранжевый	ореховый оранжевый	о	8	3	20	15,6	0,38			39	17	11	11	3,296666667
К_М_19	1	округлый	оранжевый округлый	о	8	4	21	10,5	2,19			39	17	11	11	3,296666667
К_М_19	1	окно	округлый окно	о	8	5	22	280,8	5,26			39	17	11	11	3,296666667
К_М_19	2	ортодоксальный	окно ортодоксальный	о	8	6	23	3,6	9,56			39	17	11	11	3,296666667
К_М_19	2	оммаж	ортодоксальный оммаж	о	8	7	24		7,97			39	17	11	11	3,296666667
К_М_19	3	осока	оммаж осока	о	8	8	25	2,2	11,48			39	17	11	11	3,296666667
К_М_19	3	оса	осока оса	о	1	9	26	3,2	0,24			39	17	11	11	3,296666667
К_М_19	3	осина	оса осина	о	1	10	27	5,2	2,15			39	17	11	11	3,296666667
К_М_19	3	острый	осина острый 	о	8	11	28	85,1	4,02			39	17	11	11	3,296666667
К_М_19	1	стол		с		1	29	402,5				39	17	11	11	3,296666667
К_М_19	1	совещание	стол совещание 	с	3	2	30	43,3	1,02			39	17	11	11	3,296666667
К_М_19	1	стипендия	совещание стипендия	с	8	3	31	10	0,98			39	17	11	11	3,296666667
К_М_19	1	студент	стипендия студент	с	3	4	32	105,4	0,52			39	17	11	11	3,296666667
К_М_19	1	строгий	студент строгий	с	8	5	33	62,8	2,79			39	17	11	11	3,296666667
К_М_19	1	сильный	строгий сильный	с	3	6	34	220,5	2,42			39	17	11	11	3,296666667
К_М_19	2	советчик	сильный советчик	с	8	7	35	2,8	6,35			39	17	11	11	3,296666667
К_М_19	2	Советский	советчик Советский Союз	с	2	8	36		0,3			39	17	11	11	3,296666667
К_М_19	2	Союз	Советский Союз согласованный	с	8	9	37	5	7,39		1	39	17	11	11	3,296666667
К_М_19	2	солнце	согласованный солнце	с	8	10	38	165,2	3,59			39	17	11	11	3,296666667
К_М_19	3	совествливый	солнце совествливый	с	8	11	39	2	7,83			39	17	11	11	3,296666667
К_П_12	1	подоконник		п		1	1	21,7				51	19	14	18	2,480416667
К_П_12	1	перила	подоконник перила	п	3	2	2	10,6	0,22			51	19	14	18	2,480416667
К_П_12	1	пограничный	перила пограничный	п	8	3	3	16,4	0,76			51	19	14	18	2,480416667
К_П_12	1	почему	пограничный почему	п	8	4	4	507,2	1,31	1		51	19	14	18	2,480416667
К_П_12	1	потому	почему потому 	п	7	5	5	769,3	0,79			51	19	14	18	2,480416667
К_П_12	1	польза	потому польза	п	8	6	6	76,6	1,63			51	19	14	18	2,480416667
К_П_12	1	причина	польза причина	п	8	7	7	237,2	0,1			51	19	14	18	2,480416667
К_П_12	1	последствие	причина последствие 	п	3	8	8	70,6	0,69			51	19	14	18	2,480416667
К_П_12	1	признак	последствие признак 	п	8	9	9	78,9	0,67			51	19	14	18	2,480416667
К_П_12	1	помощь	признак помощь	п	8	10	10	300,1	1,72			51	19	14	18	2,480416667
К_П_12	1	популяция	помощь популяция 	п	8	11	11	10,4	1,31			51	19	14	18	2,480416667
К_П_12	2	пиксель	популяция пиксель	п	8	12	12	0,5	8,11		1	51	19	14	18	2,480416667
К_П_12	2	понт	пиксель понт	п	8	13	13	2,5	3,73	1		51	19	14	18	2,480416667
К_П_12	2	писатель	понт писатель	п	8	14	14	166,3	5,26	1	1	51	19	14	18	2,480416667
К_П_12	2	поэт	писатель поэт	п	8	15	15	155,1	0,63			51	19	14	18	2,480416667
К_П_12	3	поддержка	поэт поддержка	п	8	16	16	110,6	2,84			51	19	14	18	2,480416667
К_П_12	3	писк	поддержка писк	п	8	17	17	4,2	7,83		1	51	19	14	18	2,480416667
К_П_12	3	пик	писк пик	п	1	18	18	16	0,57			51	19	14	18	2,480416667
К_П_12	3	песок	пик песок	п	8	19	19	55,3	2			51	19	14	18	2,480416667
К_П_12	1	оптика		о		1	20	4,4				51	19	14	18	2,480416667
К_П_12	1	оптимизм	оптика оптимизм	о	1	2	21	13,2	0,3			51	19	14	18	2,480416667
К_П_12	1	облако	оптимизм облако	о	8	3	22	43	0,72			51	19	14	18	2,480416667
К_П_12	1	обезьяна	облако обезьяна 	о	8	4	23	17,4	0,44			51	19	14	18	2,480416667
К_П_12	1	оптимум	обезьяна оптимум	о	8	5	24	0,9	1,87			51	19	14	18	2,480416667
К_П_12	1	отличный	оптимум отличный	о	8	6	25	50,7	2,73			51	19	14	18	2,480416667
К_П_12	2	очень	отличный очень	о	3	7	26	1286,8	10,48	1	1	51	19	14	18	2,480416667
К_П_12	2	открыто	очень открыто	о	3	8	27	22,8	1,67			51	19	14	18	2,480416667
К_П_12	2	окно	открыто окно	о	8	9	28	280,8	11,64	1	1	51	19	14	18	2,480416667
К_П_12	3	ор	окно ор	о	8	10	29	7	2			51	19	14	18	2,480416667
К_П_12	3	отблеск	ор отблеск	о	8	11	30	5,7	2,75			51	19	14	18	2,480416667
К_П_12	3	отрывок	отблеск отрывок	о	2	12	31	14	0,1			51	19	14	18	2,480416667
К_П_12	3	обрывок	отрывок обрывок	о	2	13	32	11,5	0,39			51	19	14	18	2,480416667
К_П_12	3	окончание	обрывок окончание	о	3	14	33	58,9	6,49			51	19	14	18	2,480416667
К_П_12	1	сестра		с		1	34	121,3				51	19	14	18	2,480416667
К_П_12	1	сила	сестра сила	с	8	2	35	645,8	1,25			51	19	14	18	2,480416667
К_П_12	1	случай	сила случай	с	8	3	36	709,7	1,22			51	19	14	18	2,480416667
К_П_12	1	способность	случай способность	с	8	4	37	99,9	0,97			51	19	14	18	2,480416667
К_П_12	1	смышленый	способность смышленый	с	3	5	38	2,2	1,87			51	19	14	18	2,480416667
К_П_12	1	смущенный	смышленый смущенный	с	8	6	39	3,3	2,58			51	19	14	18	2,480416667
К_П_12	1	стеснение	смущенный стеснение 	с	6	7	40	2,1	1,13			51	19	14	18	2,480416667
К_П_12	2	стук	стеснение стук	с	8	8	41	23,5	6,42		1	51	19	14	18	2,480416667
К_П_12	2	скрип	стук скрип	с	3	9	42	10,6	0,66			51	19	14	18	2,480416667
К_П_12	2	сигнал	скрип сигнал	с	3	10	43	56,5	1,84			51	19	14	18	2,480416667
К_П_12	2	сочный	сигнал сочный	с	8	11	44	9,4	3,18		1	51	19	14	18	2,480416667
К_П_12	2	сухой	сочный сухой	с	3	12	45	83	1,09			51	19	14	18	2,480416667
К_П_12	2	стоп	сухой стоп	с	8	13	46	1,5	3,43			51	19	14	18	2,480416667
К_П_12	3	столько	стоп столько	с	1	14	47	99,7	1,56			51	19	14	18	2,480416667
К_П_12	3	сколько	столько сколько	с	1	15	48	273,4	0,58			51	19	14	18	2,480416667
К_П_12	3	смысл	сколько смысл	с	8	16	49	294,6	2,54			51	19	14	18	2,480416667
К_П_12	3	серьезно	смысл серьезно	с	3	17	50	61,6	1,98			51	19	14	18	2,480416667
К_П_12	3	симпатия	серьезно симпатия	с	8	18	51	18,9	5,01			51	19	14	18	2,480416667
Л_Д_11	1	пирожок		п		1	1	12,1				46	19	7	20	2,540697674
Л_Д_11	1	подъезд	пирожок подъезд 	п	8	2	2	56,1	0,1			46	19	7	20	2,540697674
Л_Д_11	1	пончик	подъезд пончик	п	33	3	3	1,5	0,4			46	19	7	20	2,540697674
Л_Д_11	1	полка	пончик полка	п	8	4	4	41,9	1,76	1		46	19	7	20	2,540697674
Л_Д_11	1	пирамида	полка пирамида	п	8	5	5	16	0,57			46	19	7	20	2,540697674
Л_Д_11	1	привет	пирамида привет	п	8	6	6	45,8	2,62	1		46	19	7	20	2,540697674
Л_Д_11	1	пока	привет пока	п	7	7	7	213,4	0,6			46	19	7	20	2,540697674
Л_Д_11	1	пользуйся	пока пользуйся	п	8	8	8		0,86			46	19	7	20	2,540697674
Л_Д_11	1	пилочка	пользуйся пилочка	п	8	9	9	0,6	2,75		1	46	19	7	20	2,540697674
Л_Д_11	1	пилот	пилочка пилот	п	1	10	10	26,9	0,76			46	19	7	20	2,540697674
Л_Д_11	2	пить	пилот пить	п	8	11	11	200,9	3,61	1	1	46	19	7	20	2,540697674
Л_Д_11	2	панк	пить панк	п	1	12	12	4	4,28	1		46	19	7	20	2,540697674
Л_Д_11	2	полк	панк полк	п	8	13	13	51,3	2,22			46	19	7	20	2,540697674
Л_Д_11	2	пицца	полк пицца	п	8	14	14	3,3	1,88			46	19	7	20	2,540697674
Л_Д_11	2	пятка	пицца пятка	п	8	15	15	13,1	2,76	1		46	19	7	20	2,540697674
Л_Д_11	2	пижама	пятка пижама 	п	8	16	16	4,7	2,02			46	19	7	20	2,540697674
Л_Д_11	3	пинта	пижама пинта	п	8	17	17		15,26	1		46	19	7	20	2,540697674
Л_Д_11	3	пиво	пинта пиво	п	3	18	18	60,3	0,68			46	19	7	20	2,540697674
Л_Д_11	3	пилигрим	пиво пилигрим	п	8	19	19	0,9	0,69			46	19	7	20	2,540697674
Л_Д_11	1	оса		о		1	20	3,2				46	19	7	20	2,540697674
Л_Д_11	1	облако	оса облако 	о	8	2	21	43	0,34			46	19	7	20	2,540697674
Л_Д_11	1	орнитолог	облако орнитолог 	о	8	3	22	0,7	0,73			46	19	7	20	2,540697674
Л_Д_11	1	онтогенез	орнитолог онтогенез	о	4	4	23	1,7	4,49	1		46	19	7	20	2,540697674
Л_Д_11	2	оскар	онтогенез оскар	о	8	5	24	7,6	9,74	1		46	19	7	20	2,540697674
Л_Д_11	2	округ	оскар округ	о	8	6	25	67,6	6,82	1		46	19	7	20	2,540697674
Л_Д_11	2	опиум	округ опиум	о	8	7	26	1,8	4,04			46	19	7	20	2,540697674
Л_Д_11	1	сапог		с		1	27	62				46	19	7	20	2,540697674
Л_Д_11	1	стирка	сапог стирка	с	8	2	28	7,7	0,1			46	19	7	20	2,540697674
Л_Д_11	1	стрижка	стирка стрижка	с	1	3	29	7,2	2,46	1		46	19	7	20	2,540697674
Л_Д_11	1	сумка	стрижка сумка 	с	8	4	30	55,5	0,1			46	19	7	20	2,540697674
Л_Д_11	1	слива	сумка слива	с	8	5	31	5,5	0,39			46	19	7	20	2,540697674
Л_Д_11	1	собака	слива собака 	с	8	6	32	132,2	0,77			46	19	7	20	2,540697674
Л_Д_11	1	сон	собака сон	с	8	7	33	152,7	0,45			46	19	7	20	2,540697674
Л_Д_11	1	сила	сон сила	с	8	8	34	645,8	0,43			46	19	7	20	2,540697674
Л_Д_11	1	сметана	сила сметана	с	8	9	35	9	3,26	1		46	19	7	20	2,540697674
Л_Д_11	1	сулит	сметана сулит	с	8	10	36	10	2,88	1		46	19	7	20	2,540697674
Л_Д_11	2	сурок	сулит сурок	с	8	11	37	1,2	0,89			46	19	7	20	2,540697674
Л_Д_11	2	с	сурок с	с	8	12	38	11311,9	7,35	1		46	19	7	20	2,540697674
Л_Д_11	2	сок	с сок	с	8	13	39	35,8	4,99	1		46	19	7	20	2,540697674
Л_Д_11	2	синхрофазотрон	сок синхрофазотрон	с	4	14	40	0,5	2,2	1		46	19	7	20	2,540697674
Л_Д_11	2	солярий	синхрофазотрон солярий	с	8	15	41	2,3	1			46	19	7	20	2,540697674
Л_Д_11	3	слово	солярий слово	с	8	16	42	967,9	1,56	1		46	19	7	20	2,540697674
Л_Д_11	3	силлогизм	слово силлогизм	с	3	17	43	0,8	1,61	1		46	19	7	20	2,540697674
Л_Д_11	3	солнце	силлогизм солнце	с	8	18	44	165,2	4,89	1		46	19	7	20	2,540697674
Л_Д_11	3	соска	солнце соска	с	8	19	45	1,7	1,81			46	19	7	20	2,540697674
Л_Д_11	3	сор	соска сор	с	8	20	46	3,8	2,13			46	19	7	20	2,540697674
М_А_7	1	Пентагон		п		1	1	4,3				48	20	11	17	2,349555556
М_А_7	1	полость	Пентагон полость	п	8	2	2	12,9	3,44	1		48	20	11	17	2,349555556
М_А_7	1	портрет	полость портрет	п	8	3	3	73,6	2,48	1		48	20	11	17	2,349555556
М_А_7	1	пенал	портрет пенал	п	8	4	4	1,6	1,06	1		48	20	11	17	2,349555556
М_А_7	1	парта	пенал парта	п	3	5	5	13,3	0,2			48	20	11	17	2,349555556
М_А_7	1	полиграф	парта полиграф	п	4	6	6	0,5	1,63	1		48	20	11	17	2,349555556
М_А_7	1	патчи	полиграф патчи	п	8	7	7		5,55	1		48	20	11	17	2,349555556
М_А_7	2	пока	патчи пока	п	8	8	8	213,4	3,95	1		48	20	11	17	2,349555556
М_А_7	2	привет	пока привет	п	7	9	9	45,8	1,09			48	20	11	17	2,349555556
М_А_7	2	пласт	привет пласт	п	8	10	10	19,2	6,42	1		48	20	11	17	2,349555556
М_А_7	2	пенопласт	пласт пенопласт	п	2	11	11	0,8	0,83			48	20	11	17	2,349555556
М_А_7	2	перила	пенопласт перила	п	8	12	12	10,6	2,73			48	20	11	17	2,349555556
М_А_7	3	пирог	перила пирог	п	8	13	13	16,3	3,72			48	20	11	17	2,349555556
М_А_7	3	пирожок	пирог пирожок	п	2	14	14	12,1	0,65	1		48	20	11	17	2,349555556
М_А_7	3	пластырь	пирожок пластырь	п	8	15	15	2,7	2,72	1		48	20	11	17	2,349555556
М_А_7	3	похититель	пластырь похититель	п	8	16	16	3,1	4,55			48	20	11	17	2,349555556
М_А_7	3	положение	похититель положение	п	8	17	17	268,2	2,36			48	20	11	17	2,349555556
М_А_7	3	перемены	положение перемены	п	8	18	18	48,1	1,92			48	20	11	17	2,349555556
М_А_7	3	перспектива	перемены перспектива	п	8	19	19	79,4	0,1			48	20	11	17	2,349555556
М_А_7	3	покупка	перспектива покупка	п	8	20	20	41,7	2,1	1		48	20	11	17	2,349555556
М_А_7	1	облако		о		1	21	43				48	20	11	17	2,349555556
М_А_7	1	обезьяна	облако обезьяна	о	8	2	22	17,4	0,1			48	20	11	17	2,349555556
М_А_7	1	осознанность	обезьяна осознанность	о	4	3	23	0,6	2,33	1		48	20	11	17	2,349555556
М_А_7	1	огурец	осознанность огурец	о	8	4	24	18,9	1,46			48	20	11	17	2,349555556
М_А_7	1	орангутан	огурец орангутан	о	8	5	25	0,4	2,36			48	20	11	17	2,349555556
М_А_7	1	ощущение	орангутан ощущение	о	8	6	26	103,3	3,02	1		48	20	11	17	2,349555556
М_А_7	2	ориентация	ощущение ориентация	о	8	7	27	19,4	6,61			48	20	11	17	2,349555556
М_А_7	2	окунь	ориентация окунь	о	8	8	28	3,5	1,51			48	20	11	17	2,349555556
М_А_7	2	обломок	окунь обломок	о	8	9	29	13,6	1,75			48	20	11	17	2,349555556
М_А_7	2	орел	обломок орел	о	33	10	30	19,7	8,99	1	1	48	20	11	17	2,349555556
М_А_7	3	океан	орел океан	о	8	11	31	49,8	3,79			48	20	11	17	2,349555556
М_А_7	1	собака		с		1	32	132,2				48	20	11	17	2,349555556
М_А_7	1	селезень	собака селезень	с	3	2	33	0,7	1,2	1		48	20	11	17	2,349555556
М_А_7	1	сериал	селезень сериал	с	8	3	34	12,9	1,93	1		48	20	11	17	2,349555556
М_А_7	1	суматоха	сериал суматоха	с	8	4	35	3,7	1,32	1		48	20	11	17	2,349555556
М_А_7	1	сентябрь	суматоха сентябрь	с	8	5	36	92,1	0,72			48	20	11	17	2,349555556
М_А_7	1	секта	сентябрь секта	с	8	6	37	6,6	0,3			48	20	11	17	2,349555556
М_А_7	1	сетка	секта сетка	с	1	7	38	24,1	0,63			48	20	11	17	2,349555556
М_А_7	1	собака	сетка собака	с	8	8	39	132,2	2,63	1		48	20	11	17	2,349555556
М_А_7	1	состояние	собака состояние	с	8	9	40	294,4	1,69		1	48	20	11	17	2,349555556
М_А_7	2	свет	состояние свет	с	8	10	41	359,7	1,51			48	20	11	17	2,349555556
М_А_7	2	совокупность	свет совокупность	с	8	11	42	26,6	2,7	1		48	20	11	17	2,349555556
М_А_7	2	совесть	совокупность совесть	с	1	12	43	58,6	0,85			48	20	11	17	2,349555556
М_А_7	2	сила	совесть сила	с	3	13	44	645,8	0,62			48	20	11	17	2,349555556
М_А_7	2	слияние	сила слияние	с	8	14	45	14,1	3,5	1		48	20	11	17	2,349555556
М_А_7	2	совмещения	слияние совмещения	с	6	15	46	4,5	4,98			48	20	11	17	2,349555556
М_А_7	2	ситуация	совмещения ситуация	с	8	16	47	298,8	1,63	1		48	20	11	17	2,349555556
М_А_7	3	степень	ситуация степень	с	8	17	48	155	0,1			48	20	11	17	2,349555556
М_И_25	1	порок		п		1	1	12,8				52	22	16	14	2,744693878
М_И_25	1	почта	порок почта	п	8	2	2	33	2,16	1		52	22	16	14	2,744693878
М_И_25	1	пчела	почта пчела	п	8	3	3	10,3	0,01			52	22	16	14	2,744693878
М_И_25	1	перспективность	пчела перспективность	п	8	4	4	2,2	8,36		1	52	22	16	14	2,744693878
М_И_25	1	перцепция	перспективность перцепция	п	4	5	5		2,13	1		52	22	16	14	2,744693878
М_И_25	1	поле	перцепция поле	п	8	6	6	180,2	1,28	1		52	22	16	14	2,744693878
М_И_25	2	повод	поле повод	п	8	7	7	151,2	1,49	1		52	22	16	14	2,744693878
М_И_25	2	пик	повод пик	п	8	8	8	16	1,26			52	22	16	14	2,744693878
М_И_25	2	подарок	пик подарок	п	8	9	9	75,4	2,21			52	22	16	14	2,744693878
М_И_25	2	пень	подарок пень	п	8	10	10	9,3	2,08	1		52	22	16	14	2,744693878
М_И_25	2	пульс	пень пульс	п	8	11	11	9,4	3,09	1		52	22	16	14	2,744693878
М_И_25	2	порог	пульс порог	п	8	12	12	64,2	1,33			52	22	16	14	2,744693878
М_И_25	2	пение	порог пение	п	8	13	13	21,3	1,23			52	22	16	14	2,744693878
М_И_25	2	поведение	пение поведение	п	1	14	14	100,7	1,8			52	22	16	14	2,744693878
М_И_25	2	польза	поведение польза	п	8	15	15	76,6	1,33			52	22	16	14	2,744693878
М_И_25	3	путь	польза путь	п	8	16	16	357,3	1,54			52	22	16	14	2,744693878
М_И_25	3	пик	путь пик	п	8	17	17	16	2,21	1		52	22	16	14	2,744693878
М_И_25	3	повод	пик повод	п	8	18	18	151,2	5,76			52	22	16	14	2,744693878
М_И_25	3	поток	повод поток	п	8	19	19	84,8	1,83			52	22	16	14	2,744693878
М_И_25	3	память	поток память	п	8	20	20	174,5	3,06			52	22	16	14	2,744693878
М_И_25	3	песня	память песня	п	8	21	21	160,1	2,7			52	22	16	14	2,744693878
М_И_25	3	пение	песня пение	п	2	22	22	21,3	1,21			52	22	16	14	2,744693878
М_И_25	1	облако		о		1	23	43				52	22	16	14	2,744693878
М_И_25	1	окружность	облако окружность	о	8	2	24	4,2	0,1			52	22	16	14	2,744693878
М_И_25	1	округ	окружность округ	о	2	3	25	67,6	0,49			52	22	16	14	2,744693878
М_И_25	1	отдельно	округ отдельно	о	8	4	26	37,7	1,54		1	52	22	16	14	2,744693878
М_И_25	1	орел	отдельно орел	о	8	5	27	19,7	2,9	1		52	22	16	14	2,744693878
М_И_25	1	очерк	орел очерк	о	8	6	28	20,1	1,67			52	22	16	14	2,744693878
М_И_25	1	омен	очерк омен	о	8	7	29		1,57			52	22	16	14	2,744693878
М_И_25	1	онтогенез	омен онтогенез	о	4	8	30	1,7	1,96			52	22	16	14	2,744693878
М_И_25	1	ортодоксальность	онтогенез ортодоксальность	о	8	9	31		1,36			52	22	16	14	2,744693878
М_И_25	2	оптимум	ортодоксальность оптимум	о	4	10	32	0,9	4,81	1		52	22	16	14	2,744693878
М_И_25	2	открытка	оптимум открытка	о	8	11	33	18,9	2,42			52	22	16	14	2,744693878
М_И_25	2	открытие	открытка открытие	о	2	12	34	80,2	0,98			52	22	16	14	2,744693878
М_И_25	2	основание	открытие основание	о	3	13	35	158,8	2,49			52	22	16	14	2,744693878
М_И_25	3	оступ	основание оступ	о	8	14	36		7,75			52	22	16	14	2,744693878
М_И_25	3	очередность	оступ очередность	о	8	15	37	2,9	8,77			52	22	16	14	2,744693878
М_И_25	3	очередь	очередность очередь	о	2	16	38	212,5	1,03			52	22	16	14	2,744693878
М_И_25	1	страх		с		1	39	138,4				52	22	16	14	2,744693878
М_И_25	1	серотонин	страх серотонин	с	4	2	40	0,4	0,59			52	22	16	14	2,744693878
М_И_25	1	селекция	серотонин селекция	с	4	3	41	4,1	1,39		1	52	22	16	14	2,744693878
М_И_25	1	сон	селекция сон	с	8	4	42	152,7	0,47			52	22	16	14	2,744693878
М_И_25	1	сновидение	сон сновидение	с	2	5	43	6	0,1			52	22	16	14	2,744693878
М_И_25	1	страх	сновидение страх	с	8	6	44	138,4	3,5			52	22	16	14	2,744693878
М_И_25	1	созерцатель	страх созерцатель	с	8	7	45	0,7	0,95			52	22	16	14	2,744693878
М_И_25	1	сногсшибательный	созерцатель сногсшибательный	с	8	8	46	1,9	1,36			52	22	16	14	2,744693878
М_И_25	2	страх	сногсшибательный страх	с	8	9	47	138,4	6,6	1	1	52	22	16	14	2,744693878
М_И_25	2	селективность	страх селективность	с	4	10	48	1,2	3,07			52	22	16	14	2,744693878
М_И_25	3	суши	селективность суши	с	8	11	49		16,76		1	52	22	16	14	2,744693878
М_И_25	3	скороход	суши скороход	с	8	12	50	0,8	5,07	1		52	22	16	14	2,744693878
М_И_25	3	слово	скороход слово	с	8	13	51	967,9	4,28			52	22	16	14	2,744693878
М_И_25	3	сизый	слово сизый	с	8	14	52	7,1	2,44			52	22	16	14	2,744693878
Н_З_27	1	помидора 		п		1	1					41	18	7	16	3,626578947
Н_З_27	1	прирост	помидора прирост	п	8	2	2	14,5	0,01	1		41	18	7	16	3,626578947
Н_З_27	1	пол	прирост пол	п	8	3	3	181,9	1,33	1		41	18	7	16	3,626578947
Н_З_27	1	противень	пол противень	п	8	4	4	2,2	1,33	1		41	18	7	16	3,626578947
Н_З_27	1	портфель	противень портфель	п	1	5	5	31,2	2,63	1		41	18	7	16	3,626578947
Н_З_27	1	подпись	портфель подпись	п	8	6	6	40,5	2,76	1		41	18	7	16	3,626578947
Н_З_27	1	пригород	подпись пригород	п	8	7	7	5,9	0,72			41	18	7	16	3,626578947
Н_З_27	2	площадь	пригород площадь	п	3	8	8	145,2	3,63	1		41	18	7	16	3,626578947
Н_З_27	2	переворот	площадь переворот	п	8	9	9	16,7	0,01	1		41	18	7	16	3,626578947
Н_З_27	2	портвейн	переворот портвейн	п	8	10	10	6,7	3,16	1		41	18	7	16	3,626578947
Н_З_27	2	полезность	портвейн полезность	п	8	11	11	4,6	4,93	1		41	18	7	16	3,626578947
Н_З_27	2	периметр	полезность периметр	п	8	12	12	5,8	4,39	1		41	18	7	16	3,626578947
Н_З_27	3	поступок	периметр поступок	п	8	13	13	49,5	2,27	1		41	18	7	16	3,626578947
Н_З_27	3	полезность	поступок полезность	п	8	14	14	4,6	1,59			41	18	7	16	3,626578947
Н_З_27	3	повтор	полезность повтор	п	8	15	15	3,7	11,6			41	18	7	16	3,626578947
Н_З_27	3	потолок	повтор потолок	п	8	16	16	57,9	5,28	1		41	18	7	16	3,626578947
Н_З_27	4	плетение	потолок плетение	п	8	17	17	1,9	2,43			41	18	7	16	3,626578947
Н_З_27	4	прощание	плетение прощание	п	8	18	18	18,6	5,72	1		41	18	7	16	3,626578947
Н_З_27	1	омлет		о		1	19	2				41	18	7	16	3,626578947
Н_З_27	1	орфография	омлет орфография	о	8	2	20	2,4	4,04	1		41	18	7	16	3,626578947
Н_З_27	1	ориентир	орфография ориентир	о	8	3	21	10,9	0,86	1		41	18	7	16	3,626578947
Н_З_27	1	орфография	ориентир орфография	о	8	4	22	2,4	5,56	1		41	18	7	16	3,626578947
Н_З_27	2	окно	орфография окно	о	8	5	23	280,8	7,51	1		41	18	7	16	3,626578947
Н_З_27	2	олово	окно олово	о	8	6	24	2,6	1,49	1		41	18	7	16	3,626578947
Н_З_27	3	орнамент	олово орнамент	о	8	7	25	6	30,89	1	1	41	18	7	16	3,626578947
Н_З_27	1	старость		с		1	26	29,5				41	18	7	16	3,626578947
Н_З_27	1	слог	старость слог	с	8	2	27	8,3	3,32	1		41	18	7	16	3,626578947
Н_З_27	1	слово	слог слово	с	3	3	28	967,9	0,01			41	18	7	16	3,626578947
Н_З_27	1	спряжение	слово спряжение	с	3	4	29		1,67	1		41	18	7	16	3,626578947
Н_З_27	1	смелость	спряжение смелость	с	8	5	30	14,6	2,9	1		41	18	7	16	3,626578947
Н_З_27	1	стул	смелость стул	с	8	6	31	87,6	0,1			41	18	7	16	3,626578947
Н_З_27	1	седло	стул седло	с	3	7	32	12,8	0,1	1		41	18	7	16	3,626578947
Н_З_27	1	солнце	седло солнце	с	8	8	33	165,2	0,1			41	18	7	16	3,626578947
Н_З_27	1	селО	солнце селО	с	8	9	34	57	0,1			41	18	7	16	3,626578947
Н_З_27	2	стол	селО стол	с	8	10	35	402,5	1,51	1		41	18	7	16	3,626578947
Н_З_27	2	ступа	стол ступа	с	3	11	36	2,4	4,68		1	41	18	7	16	3,626578947
Н_З_27	2	скатерть	ступа скатерть	с	3	12	37	12,7	2,77	1		41	18	7	16	3,626578947
Н_З_27	2	середина	скатерть середина	с	8	13	38	88,2	7,18	1		41	18	7	16	3,626578947
Н_З_27	2	сердцевина	середина сердцевина	с	2	14	39	5	0,1			41	18	7	16	3,626578947
Н_З_27	3	сумка	сердцевина сумка	с	8	15	40	55,5	1,44	1		41	18	7	16	3,626578947
Н_З_27	3	сучья	сумка сучья	с	8	16	41	4,3	7,69		1	41	18	7	16	3,626578947
Н_Т_16	1	потолок		п		1	1	57,9				53	24	11	18	2,4756
Н_Т_16	1	парк	потолок парк	п	8	2	2	69,5	0,49			53	24	11	18	2,4756
Н_Т_16	1	пирог	парк пирог	п	8	3	3	16,3	0,31			53	24	11	18	2,4756
Н_Т_16	1	праздник	пирог праздник	п	3	4	4	115	0,44			53	24	11	18	2,4756
Н_Т_16	1	печать	праздник печать	п	8	5	5	59,6	0,46			53	24	11	18	2,4756
Н_Т_16	1	печаль	печать печаль	п	1	6	6	19,4	0,1			53	24	11	18	2,4756
Н_Т_16	1	пасха	печаль пасха	п	8	7	7	10,2	0,51			53	24	11	18	2,4756
Н_Т_16	1	переговоры	пасха переговоры	п	8	8	8	71,1	3,86		1	53	24	11	18	2,4756
Н_Т_16	1	поступок	переговоры поступок	п	8	9	9	49,5	1,23			53	24	11	18	2,4756
Н_Т_16	1	переделки	поступок переделки	п	8	10	10		3,39		1	53	24	11	18	2,4756
Н_Т_16	2	песня	переделки песня	п	8	11	11	160,1	1,64	1		53	24	11	18	2,4756
Н_Т_16	2	певец	песня певец	п	2	12	12	28,4	0,28			53	24	11	18	2,4756
Н_Т_16	2	плетка	певец плетка	п	8	13	13	1,1	1,95			53	24	11	18	2,4756
Н_Т_16	2	парус	плетка парус	п	8	14	14	15,2	4,39	1		53	24	11	18	2,4756
Н_Т_16	2	прачка	парус прачка	п	8	15	15	1,5	2,15	1		53	24	11	18	2,4756
Н_Т_16	2	помидор	прачка помидор	п	8	16	16	15,4	4,53	1		53	24	11	18	2,4756
Н_Т_16	3	припев	помидор припев	п	8	17	17	1,9	1,18			53	24	11	18	2,4756
Н_Т_16	3	прочно	припев прочно	п	8	18	18	14,2	2,18	1		53	24	11	18	2,4756
Н_Т_16	3	просто	прочно просто	п	1	19	19	82,6	1,65			53	24	11	18	2,4756
Н_Т_16	3	переворот	просто переворот	п	8	20	20	16,7	1,54			53	24	11	18	2,4756
Н_Т_16	3	подушка	переворот подушка	п	8	21	21	39,5	5,2	1	1	53	24	11	18	2,4756
Н_Т_16	3	подстаканник	подушка подстаканник	п	1	22	22	1,5	0,82	1		53	24	11	18	2,4756
Н_Т_16	3	почта	подстаканник почта	п	8	23	23	33	2,29			53	24	11	18	2,4756
Н_Т_16	3	письмо	почта письмо	п	3	24	24	304,3	0,42			53	24	11	18	2,4756
Н_Т_16	1	окно		о		1	25	280,8				53	24	11	18	2,4756
Н_Т_16	1	очередь	окно очередь	о	8	2	26	212,5	0,38			53	24	11	18	2,4756
Н_Т_16	1	очень	очередь очень	о	1	3	27	1286,8	5,31	1		53	24	11	18	2,4756
Н_Т_16	1	охрана	очень охрана	о	8	4	28	90,9	1,88			53	24	11	18	2,4756
Н_Т_16	1	очко	охрана очко	о	8	5	29	20,6	5,4	1		53	24	11	18	2,4756
Н_Т_16	1	очно	очко очно	о	1	6	30		0,72			53	24	11	18	2,4756
Н_Т_16	2	отражение	очно отражение	о	8	7	31	34,8	3,03	1		53	24	11	18	2,4756
Н_Т_16	2	очи	отражение очи	о	11	8	32		5,82	1		53	24	11	18	2,4756
Н_Т_16	2	очки	очи очки	о	1	9	33	56	1,01			53	24	11	18	2,4756
Н_Т_16	2	оправа	очки оправа	о	3	10	34	4,2	4,04	1		53	24	11	18	2,4756
Н_Т_16	3	оладьи	оправа оладьи	о	8	11	35		13,84	1	1	53	24	11	18	2,4756
Н_Т_16	1	снег		с		1	36	125,2				53	24	11	18	2,4756
Н_Т_16	1	самокат	снег самокат	с	8	2	37	1	0,1			53	24	11	18	2,4756
Н_Т_16	1	санки	самокат санки	с	3	3	38	4,9	0,1			53	24	11	18	2,4756
Н_Т_16	1	слава	санки слава	с	8	4	39	120,2	3,08	1		53	24	11	18	2,4756
Н_Т_16	1	сила	слава сила	с	3	5	40	645,8	0,92			53	24	11	18	2,4756
Н_Т_16	1	статуя	сила статуя	с	8	6	41	16,1	3,47	1		53	24	11	18	2,4756
Н_Т_16	1	свобода	статуя свобода	с	3	7	42	174,9	1,13	1		53	24	11	18	2,4756
Н_Т_16	2	самокат	свобода самокат	с	8	8	43	1	3,68			53	24	11	18	2,4756
Н_Т_16	2	седушка	самокат седушка	с	8	9	44		1,01	1		53	24	11	18	2,4756
Н_Т_16	2	стул	седушка стул	с	6	10	45	87,6	4,89	1		53	24	11	18	2,4756
Н_Т_16	2	стол	стул стол	с	7	11	46	402,5	0,1			53	24	11	18	2,4756
Н_Т_16	2	стена	стол стена	с	3	12	47	261	0,81	1		53	24	11	18	2,4756
Н_Т_16	2	стакан	стена стакан	с	3	13	48	72,8	0,71	1		53	24	11	18	2,4756
Н_Т_16	2	собака	стакан собака	с	8	14	49	132,2	3,61			53	24	11	18	2,4756
Н_Т_16	3	симпатия	собака симпатия	с	8	15	50	18,9	5,83	1		53	24	11	18	2,4756
Н_Т_16	3	синий	симпатия синий	с	8	16	51	82,8	5,96	1		53	24	11	18	2,4756
Н_Т_16	3	сильный	синий сильный	с	8	17	52	220,5	4,86	1		53	24	11	18	2,4756
Н_Т_16	3	стигматизация	сильный стигматизация	с	4	18	53		1,08	1		53	24	11	18	2,4756
П_А_22	1	помидор		п		1	1	15,4		1		75	30	18	27	1,601111111
П_А_22	1	полка	помидор полка	п	8	2	2	41,9	0,01			75	30	18	27	1,601111111
П_А_22	1	палец	полка палец	п	8	3	3	219,1	2,42	1		75	30	18	27	1,601111111
П_А_22	1	прыгать	палец прыгать	п	8	4	4	38,5	0,69			75	30	18	27	1,601111111
П_А_22	1	плевать	прыгать плевать	п	8	5	5	17,6	0,67			75	30	18	27	1,601111111
П_А_22	1	пупс	плевать пупс	п	8	6	6	0,6	1,04	1		75	30	18	27	1,601111111
П_А_22	1	Пиноккио	пупс Пиноккио	п	8	7	7		2,29	1		75	30	18	27	1,601111111
П_А_22	1	плыть	Пиноккио плыть	п	8	8	8	42,5	3,11	1		75	30	18	27	1,601111111
П_А_22	1	пагода	плыть пагода	п	8	9	9	1,3	1,64			75	30	18	27	1,601111111
П_А_22	2	перловка	пагода перловка	п	8	10	10	0,6	1,98	1		75	30	18	27	1,601111111
П_А_22	2	плевок	перловка плевок	п	8	11	11	3,2	1,46			75	30	18	27	1,601111111
П_А_22	2	пастырь	плевок пастырь	п	8	12	12	6,4	1,08			75	30	18	27	1,601111111
П_А_22	2	паста	пастырь паста	п	1	13	13	6,3	0,1			75	30	18	27	1,601111111
П_А_22	2	пластырь	паста пластырь 	п	11	14	14	2,7	0,1			75	30	18	27	1,601111111
П_А_22	2	пластилин	пластырь пластилин	п	1	15	15	2,2	0,1			75	30	18	27	1,601111111
П_А_22	2	погода	пластилин погода	п	8	16	16	51,7	0,65			75	30	18	27	1,601111111
П_А_22	2	пушка	погода пушка	п	8	17	17	24,6	0,67			75	30	18	27	1,601111111
П_А_22	2	прием	пушка прием	п	8	18	18	109,8	0,57			75	30	18	27	1,601111111
П_А_22	2	пила	прием пила	п	8	19	19	9,2	4,28			75	30	18	27	1,601111111
П_А_22	3	писк	пила писк	п	8	20	20	4,2	3,01			75	30	18	27	1,601111111
П_А_22	3	прикол	писк прикол	п	8	21	21	3,4	1,1			75	30	18	27	1,601111111
П_А_22	3	Пенза	прикол Пенза	п	8	22	22	3	1,08			75	30	18	27	1,601111111
П_А_22	3	пена	пенза пена	п	1	23	23	15,6	0,01			75	30	18	27	1,601111111
П_А_22	3	печь	пена печь	п	8	24	24	32,6	1,69			75	30	18	27	1,601111111
П_А_22	3	пекарня	печь пекарня	п	2	25	25	2,7	0,6			75	30	18	27	1,601111111
П_А_22	3	помада	пекарня помада	п	8	26	26	9,1	3,91	1		75	30	18	27	1,601111111
П_А_22	3	пуля	помада пуля	п	8	27	27	45,3	1,59			75	30	18	27	1,601111111
П_А_22	3	пилатес	пуля пилатес	п	8	28	28		1,88			75	30	18	27	1,601111111
П_А_22	3	пёс	пилатес пёс	п	8	29	29	30,7	2,31			75	30	18	27	1,601111111
П_А_22	3	пачка	пёс пачка	п	8	30	30	36,5	1,54			75	30	18	27	1,601111111
П_А_22	1	оранжевый		о		1	31	15,6				75	30	18	27	1,601111111
П_А_22	1	оригинал	оранжевый оригинал	о	8	2	32	12	0,1			75	30	18	27	1,601111111
П_А_22	1	ориентир	оригинал ориентир	о	1	3	33	10,9	0,78	1		75	30	18	27	1,601111111
П_А_22	1	окуляр	ориентир окуляр	о	8	4	34	1,2	1,13			75	30	18	27	1,601111111
П_А_22	1	оспа	окуляр оспа	о	8	5	35	2,7	3,11	1		75	30	18	27	1,601111111
П_А_22	1	осьминог	оспа осьминог	о	8	6	36	1,7	0,28			75	30	18	27	1,601111111
П_А_22	1	онигири	осьминог онигири	о	3	7	37		4,46			75	30	18	27	1,601111111
П_А_22	1	оливка	онигири оливка	о	3	8	38	1,5	0,28			75	30	18	27	1,601111111
П_А_22	2	оскал	оливка оскал	о	8	9	39	2,1	2,47			75	30	18	27	1,601111111
П_А_22	2	обман	оскал обман	о	8	10	40	19,1	1,1			75	30	18	27	1,601111111
П_А_22	2	операция	обман операция	о	8	11	41	153,3	1,15			75	30	18	27	1,601111111
П_А_22	2	овуляция	операция овуляция	о	1	12	42	1,4	1,95			75	30	18	27	1,601111111
П_А_22	2	ожог	овуляция ожог	о	8	13	43	6,6	1,28	1		75	30	18	27	1,601111111
П_А_22	3	опус	ожог опус	о	8	14	44	4,2	9,55	1	1	75	30	18	27	1,601111111
П_А_22	3	овца	опус овца	о	8	15	45	17,5	7,23	1		75	30	18	27	1,601111111
П_А_22	3	обман	овца обман	о	8	16	46	19,1	1,54			75	30	18	27	1,601111111
П_А_22	3	обелиск	обман обелиск	о	8	17	47	3,3	1,77			75	30	18	27	1,601111111
П_А_22	3	овчарка	обелиск овчарка	о	8	18	48	6,3	2,93	1		75	30	18	27	1,601111111
П_А_22	1	стресс		с		1	49	12,4				75	30	18	27	1,601111111
П_А_22	1	сопли	стресс сопли	с	8	2	50	3	0,1			75	30	18	27	1,601111111
П_А_22	1	слюни	сопли слюни	с	3	3	51	2,3	0,1			75	30	18	27	1,601111111
П_А_22	1	сахар	слюни сахар	с	8	4	52	38,1	0,1			75	30	18	27	1,601111111
П_А_22	1	соль	сахар соль	с	7	5	53	39,4	0,1			75	30	18	27	1,601111111
П_А_22	1	секира	соль секира	с	8	6	54	1,3	0,9	1		75	30	18	27	1,601111111
П_А_22	1	среда	секира среда	с	8	7	55	142,4	2,49	1		75	30	18	27	1,601111111
П_А_22	1	сумка	среда сумка	с	8	8	56	55,5	0,49			75	30	18	27	1,601111111
П_А_22	1	степлер	сумка степлер	с	8	9	57		0,46			75	30	18	27	1,601111111
П_А_22	1	сережки	степлер сережки	с	8	10	58	8,5	2,44	1		75	30	18	27	1,601111111
П_А_22	1	сабля	сережки сабля	с	8	11	59	7,1	0,72			75	30	18	27	1,601111111
П_А_22	1	самокат	сабля самокат	с	8	12	60	1	0,34			75	30	18	27	1,601111111
П_А_22	2	спелость	самокат спелость	с	8	13	61	0,9	0,72			75	30	18	27	1,601111111
П_А_22	2	спуск	спелость спуск	с	8	14	62	17,6	1,64	1		75	30	18	27	1,601111111
П_А_22	2	середина	спуск середина	с	8	15	63	88,2	2,03	1		75	30	18	27	1,601111111
П_А_22	2	сладкий	середина сладкий	с	8	16	64	38,4	0,39			75	30	18	27	1,601111111
П_А_22	2	соленый	сладкий соленый	с	7	17	65	15,6	1,87	1		75	30	18	27	1,601111111
П_А_22	2	сухость	соленый сухость	с	8	18	66	2,7	0,31			75	30	18	27	1,601111111
П_А_22	2	сушка	сухость сушка	с	2	19	67	4,7	0,1			75	30	18	27	1,601111111
П_А_22	2	скан	сушка скан	с	8	20	68		0,1			75	30	18	27	1,601111111
П_А_22	2	сплав	скан сплав	с	8	21	69	13,8	0,57			75	30	18	27	1,601111111
П_А_22	3	сила	сплав сила	с	8	22	70	645,8	2,21			75	30	18	27	1,601111111
П_А_22	3	серебряный	сила серебряный	с	8	23	71	34,8	0,1			75	30	18	27	1,601111111
П_А_22	3	свалка	серебряный свалка	с	8	24	72	12,4	0,1			75	30	18	27	1,601111111
П_А_22	3	сумасбродный	свалка сумасбродный	с	8	25	73	1	3,46	1	1	75	30	18	27	1,601111111
П_А_22	3	серьезность	сумасбродный серьезность	с	3	26	74	9,5	6,12	1		75	30	18	27	1,601111111
П_А_22	3	сок	серьезность сок	с	8	27	75	35,8	4,63	1	1	75	30	18	27	1,601111111
Р_С_21	1	папа		п		1	1	143,4				50	19	13	18	2,664255319
Р_С_21	1	проспект	папа проспект	п	8	2	2	30,04	0,1			50	19	13	18	2,664255319
Р_С_21	1	пудинг	проспект пудинг	п	8	3	3	0,8	1,36	1		50	19	13	18	2,664255319
Р_С_21	1	пёс	пудинг пёс	п	8	4	4	30,7	1,41	1		50	19	13	18	2,664255319
Р_С_21	1	проект	пёс проект	п	8	5	5	225,9	0,41			50	19	13	18	2,664255319
Р_С_21	1	плохо	проект плохо	п	8	6	6	126,5	2,08	1		50	19	13	18	2,664255319
Р_С_21	1	первый	плохо первый	п	8	7	7	1345,6	1,03	1		50	19	13	18	2,664255319
Р_С_21	1	персик	первый персик	п	1	8	8	4,8	4,91	1		50	19	13	18	2,664255319
Р_С_21	2	потолок	персик потолок	п	8	9	9	57,9	3,32	1		50	19	13	18	2,664255319
Р_С_21	2	пол	потолок пол	п	7	10	10	181,9	0,1			50	19	13	18	2,664255319
Р_С_21	2	писать	пол писать	п	8	11	11	444,3	1,2	1		50	19	13	18	2,664255319
Р_С_21	2	письменность	писать письменность	п	2	12	12	3,8	0,1			50	19	13	18	2,664255319
Р_С_21	2	перспектива	письменность перспектива	п	8	13	13	79,4	2,57	1		50	19	13	18	2,664255319
Р_С_21	2	пух	перспектива пух	п	8	14	14	10,4	5,76	1		50	19	13	18	2,664255319
Р_С_21	3	перечень	пух перечень	п	8	15	15	30,6	4,55	1		50	19	13	18	2,664255319
Р_С_21	3	психология	перечень психология	п	8	16	16	64,4	2,95			50	19	13	18	2,664255319
Р_С_21	3	психолог	психология психолог	п	2	17	17	29,3	0,1			50	19	13	18	2,664255319
Р_С_21	3	перечитать	психолог перечитать	п	8	18	18	6,7	5,65	1		50	19	13	18	2,664255319
Р_С_21	3	проект	перечитать проект	п	8	19	19	225,9	5,07	1		50	19	13	18	2,664255319
Р_С_21	1	объект		о		1	20	206,4				50	19	13	18	2,664255319
Р_С_21	1	обдумать	объект обдумать	о	8	2	21	6,6	1,08	1		50	19	13	18	2,664255319
Р_С_21	1	одежда	обдумать одежда	о	8	3	22	93,7	2,6	1		50	19	13	18	2,664255319
Р_С_21	1	озеро	одежда озеро	о	8	4	23	54,9	6,12	1		50	19	13	18	2,664255319
Р_С_21	1	ослепить	озеро ослепить	о	8	5	24	5	3,11	1		50	19	13	18	2,664255319
Р_С_21	2	ослепший	ослепить ослепший	о	2	6	25		0,85			50	19	13	18	2,664255319
Р_С_21	2	оборотень	ослепший оборотень	о	8	7	26	8,1	3,83	1		50	19	13	18	2,664255319
Р_С_21	2	ожог	оборотень ожог	о	8	8	27	6,6	4,32	1		50	19	13	18	2,664255319
Р_С_21	2	обжечься	ожог обжечься	о	1	9	28	2	1,6	1		50	19	13	18	2,664255319
Р_С_21	3	обижать	обжечься обижать	о	2	10	29	13,5	6,23	1		50	19	13	18	2,664255319
Р_С_21	3	отречься	обижать отречься	о	8	11	30	6,5	2,6	1		50	19	13	18	2,664255319
Р_С_21	3	оговориться	отречься оговориться	о	8	12	31	4,2	3,86	1		50	19	13	18	2,664255319
Р_С_21	3	окружить	оговориться окружить	о	8	13	32	33,1	10,71	1		50	19	13	18	2,664255319
Р_С_21	1	стул		с		1	33	87,6		1		50	19	13	18	2,664255319
Р_С_21	1	сидеть	стул сидеть	с	3	2	34	538,1	0,1			50	19	13	18	2,664255319
Р_С_21	1	стоять	сидеть стоять	с	7	3	35	419,3	0,1			50	19	13	18	2,664255319
Р_С_21	1	стресс	стоять стресс	с	8	4	36	12,4	1,85	1		50	19	13	18	2,664255319
Р_С_21	1	собака	стресс собака	с	8	5	37	132,2	2,47	1		50	19	13	18	2,664255319
Р_С_21	1	сила	собака сила	с	8	6	38	645,8	1,11	1		50	19	13	18	2,664255319
Р_С_21	1	ступня	сила ступня	с	8	7	39	9,5	0,8	1		50	19	13	18	2,664255319
Р_С_21	2	стихотворение	ступня стихотворение	с	8	8	40	48,7	4,78	1		50	19	13	18	2,664255319
Р_С_21	2	стучать	стихотворение стучать	с	8	9	41	35,7	3,29	1		50	19	13	18	2,664255319
Р_С_21	2	стук	стучать стук	с	2	10	42	23,5	0,36			50	19	13	18	2,664255319
Р_С_21	2	серебро	стук серебро	с	8	11	43	15,1	0,87	1		50	19	13	18	2,664255319
Р_С_21	2	светильник	серебро светильник	с	8	12	44	8,2	0,91	1		50	19	13	18	2,664255319
Р_С_21	2	свет	светильник свет	с	2	13	45	359,7	0,1			50	19	13	18	2,664255319
Р_С_21	3	становиться	свет становиться	с	8	14	46	259,3	7,8	1		50	19	13	18	2,664255319
Р_С_21	3	специалист	становиться специалист	с	7	15	47	161,9	1,49	1		50	19	13	18	2,664255319
Р_С_21	3	специальность	специалист специальность	с	2	16	48	28,6	1,08	1		50	19	13	18	2,664255319
Р_С_21	3	сохранить	специальность сохранить	с	8	17	49	79,2	1,98	1		50	19	13	18	2,664255319
Р_С_21	3	стоить	сохранить стоить	с	8	18	50	501,9	6,55	1		50	19	13	18	2,664255319
С_А_4	1	папа		п		1	1	143,4				43	18	12	13	3,05575
С_А_4	1	паровоз	папа паровоз	п	8	2	2	11,4	0,1			43	18	12	13	3,05575
С_А_4	1	принтер	паровоз принтер	п	8	3	3	5,3	0,57			43	18	12	13	3,05575
С_А_4	1	почта	принтер почта	п	3	4	4	33	0,33			43	18	12	13	3,05575
С_А_4	1	печать	почта печать	п	3	5	5	59,6	3,24	1		43	18	12	13	3,05575
С_А_4	1	пинок	печать пинок	п	8	6	6	4,4	1,98	1		43	18	12	13	3,05575
С_А_4	1	при	пинок при	п	8	7	7	1550,8	6,15	1	1	43	18	12	13	3,05575
С_А_4	1	пре	при пре	п	3	8	8		0,1			43	18	12	13	3,05575
С_А_4	1	по	пре по	п	3	9	9	5786,7	1,03	1		43	18	12	13	3,05575
С_А_4	2	пригодиться	по пригодиться	п	8	10	10	19,8	3,01	1	1	43	18	12	13	3,05575
С_А_4	2	понадобиться	пригодиться понадобиться	п	6	11	11	40	0,46			43	18	12	13	3,05575
С_А_4	2	прийти	понадобиться прийти	п	8	12	12	523,3	0,51			43	18	12	13	3,05575
С_А_4	2	прикасаться	прийти прикасаться	п	2	13	13	7,5	5,54	1	1	43	18	12	13	3,05575
С_А_4	2	принадлежать	прикасаться принадлежать	п	2	14	14	113,5	0,65			43	18	12	13	3,05575
С_А_4	2	поискать	принадлежать поискать	п	8	15	15	13,7	1,15			43	18	12	13	3,05575
С_А_4	2	поиск	поискать поиск	п	2	16	16	105	0,96			43	18	12	13	3,05575
С_А_4	3	перила	поиск перила	п	8	17	17	10,6	10,35	1	1	43	18	12	13	3,05575
С_А_4	3	пень	перила пень	п	8	18	18	9,3	1,61	1		43	18	12	13	3,05575
С_А_4	1	октябрь		о		1	19	92,2		1	1	43	18	12	13	3,05575
С_А_4	1	Остоженка	октябрь Остоженка	о	8	2	20		0,1			43	18	12	13	3,05575
С_А_4	1	октябрь	Остоженка октябрь	о	8	3	21	92,2	3,34			43	18	12	13	3,05575
С_А_4	1	округ	октябрь округ	о	8	4	22	67,6	2,47			43	18	12	13	3,05575
С_А_4	1	остров	округ остров	о	8	5	23	95,7	1,3	1		43	18	12	13	3,05575
С_А_4	2	оливки	остров оливки	о	8	6	24	1,5	3,47	1	1	43	18	12	13	3,05575
С_А_4	2	около	оливки около	о	8	7	25	228,1	2,88	1		43	18	12	13	3,05575
С_А_4	2	огонь	около огонь	о	8	8	26	139,8	1,33	1		43	18	12	13	3,05575
С_А_4	2	отойти	огонь отойти	о	8	9	27	55,9	1,69	1		43	18	12	13	3,05575
С_А_4	3	окружение	отойти окружение	о	8	10	28	37	3,88	1	1	43	18	12	13	3,05575
С_А_4	3	окучивать	окружение окучивать	о	8	11	29	1,1	8,75	1	1	43	18	12	13	3,05575
С_А_4	3	определенный	окучивать определенный	о	8	12	30	161,2	4,56	1		43	18	12	13	3,05575
С_А_4	1	сентябрь		с		1	31	92,1				43	18	12	13	3,05575
С_А_4	1	соска	сентябрь соска	с	8	2	32	1,7	4,17	1		43	18	12	13	3,05575
С_А_4	1	снимать	соска снимать	с	8	3	33	98,5	1,42	1		43	18	12	13	3,05575
С_А_4	1	скалолазанье	снимать скалолазанье	с	8	4	34		2,51	1		43	18	12	13	3,05575
С_А_4	1	симфония	скалолазанье симфония	с	8	5	35	10,3	1,35	1		43	18	12	13	3,05575
С_А_4	2	сжигать	симфония сжигать	с	8	6	36	7,9	3,55	1	1	43	18	12	13	3,05575
С_А_4	2	скрипка	сжигать скрипка	с	8	7	37	18,4	4,09	1	1	43	18	12	13	3,05575
С_А_4	2	сопли	скрипка сопли	с	8	8	38	3	5,43	1	1	43	18	12	13	3,05575
С_А_4	3	сыграть	сопли сыграть	с	33	9	39	80,8	6,78	1		43	18	12	13	3,05575
С_А_4	3	сыщик	сыграть сыщик	с	8	10	40	7,5	4,81	1	1	43	18	12	13	3,05575
С_А_4	3	сплетение	сыщик сплетение	с	8	11	41	4,8	3,37	1		43	18	12	13	3,05575
С_А_4	3	спылить	сплетение спылить	с	8	12	42		7,74	1		43	18	12	13	3,05575
С_А_4	3	с	спылить с	с	8	13	43	11311,9	5,5	1		43	18	12	13	3,05575
С_Е_8	1	пирог		п		1	1	16,3				46	19	13	14	2,566046512
С_Е_8	1	пальма	пирог пальма	п	8	2	2	14,3	1,05	1		46	19	13	14	2,566046512
С_Е_8	1	порог	пальма порог	п	8	3	3	64,2	0,9			46	19	13	14	2,566046512
С_Е_8	1	пир	порог пир	п	8	4	4	11,2	0,1			46	19	13	14	2,566046512
С_Е_8	1	пОра	пир пОра	п	8	5	5	358,2	0,21			46	19	13	14	2,566046512
С_Е_8	1	порок	пОра порок	п	1	6	6	12,8	3,91			46	19	13	14	2,566046512
С_Е_8	1	плюшка	порок плюшка	п	8	7	7	0,9	1,41		1	46	19	13	14	2,566046512
С_Е_8	1	пирожное	плюшка пирожное	п	3	8	8	7,3	0,56		1	46	19	13	14	2,566046512
С_Е_8	1	пол	пирожное пол	п	8	9	9	181,9	2,88	1		46	19	13	14	2,566046512
С_Е_8	2	покрытие	пол покрытие	п	3	10	10	25,4	1,13			46	19	13	14	2,566046512
С_Е_8	2	пост	покрытие пост	п	8	11	11	84,3	1,69	1		46	19	13	14	2,566046512
С_Е_8	2	похвала	пост похвала	п	8	12	12	11	0,1			46	19	13	14	2,566046512
С_Е_8	2	процедура	похвала процедура	п	8	13	13	64,2	2,36			46	19	13	14	2,566046512
С_Е_8	2	похмелье	процедура похмелье	п	8	14	14	7	7,95	1		46	19	13	14	2,566046512
С_Е_8	3	полость	похмелье полость	п	8	15	15	12,9	6,53	1		46	19	13	14	2,566046512
С_Е_8	3	подставка	полость подставка	п	8	16	16	5,9	3,93			46	19	13	14	2,566046512
С_Е_8	3	подстаканник	подставка подстаканник	п	2	17	17	1,5	2,08			46	19	13	14	2,566046512
С_Е_8	3	постановка	подстаканник постановка	п	8	18	18	49,5	0,83			46	19	13	14	2,566046512
С_Е_8	3	похвала	постановка похвала	п	8	19	19	11	3,03	1		46	19	13	14	2,566046512
С_Е_8	1	окно		о		1	20	280,8				46	19	13	14	2,566046512
С_Е_8	1	обезьяна	окно обезьяна	о	8	2	21	17,4	0,1			46	19	13	14	2,566046512
С_Е_8	1	остров	обезьяна остров	о	3	3	22	95,7	0,89	1		46	19	13	14	2,566046512
С_Е_8	1	отдел	остров отдел	о	8	4	23	116,2	2,57	1		46	19	13	14	2,566046512
С_Е_8	1	область	отдел область	о	6	5	24	400,2	2,39			46	19	13	14	2,566046512
С_Е_8	1	открытие	область открытие	о	8	6	25	80,2	0,72	1		46	19	13	14	2,566046512
С_Е_8	1	очаг	открытие очаг	о	8	7	26	17,3	1,21			46	19	13	14	2,566046512
С_Е_8	2	очки	очаг очки	о	8	8	27	56	7,02	1		46	19	13	14	2,566046512
С_Е_8	2	ольха	очки ольха	о	8	9	28	1,9	5,1	1		46	19	13	14	2,566046512
С_Е_8	2	открытие	ольха открытие	о	8	10	29	80,2	4,06	1		46	19	13	14	2,566046512
С_Е_8	2	остов	открытие остов	о	8	11	30	2,9	2,7	1		46	19	13	14	2,566046512
С_Е_8	3	Оскар	остов Оскар	о	8	12	31	7,6	4,63	1		46	19	13	14	2,566046512
С_Е_8	3	окно	Оскар окно	о	8	13	32	280,8	4,41			46	19	13	14	2,566046512
С_Е_8	1	стул		с		1	33	87,6				46	19	13	14	2,566046512
С_Е_8	1	стол	стул стол	с	7	2	34	402,5	0,1			46	19	13	14	2,566046512
С_Е_8	1	стульчак	стол стульчак	с	2	3	35		1,4	1		46	19	13	14	2,566046512
С_Е_8	1	свинец	стульчак свинец	с	8	4	36	6,7	1,68	1		46	19	13	14	2,566046512
С_Е_8	1	скорость	свинец скорость	с	3	5	37	105,2	0,34	1		46	19	13	14	2,566046512
С_Е_8	1	стремление	скорость стремление	с	8	6	38	48,4	1,54			46	19	13	14	2,566046512
С_Е_8	1	слава	стремление слава	с	3	7	39	120,2	0,1			46	19	13	14	2,566046512
С_Е_8	1	странность	слава странность	с	8	8	40	9,8	2,02	1		46	19	13	14	2,566046512
С_Е_8	1	склонность	странность склонность	с	1	9	41	12,2	1,46	1		46	19	13	14	2,566046512
С_Е_8	2	слово	склонность слово	с	8	10	42	967,9	3,57	1		46	19	13	14	2,566046512
С_Е_8	2	скороход	слово скороход	с	8	11	43	0,8	3,43	1		46	19	13	14	2,566046512
С_Е_8	2	стремление	скороход стремление	с	8	12	44	48,4	7,19	1		46	19	13	14	2,566046512
С_Е_8	3	светофор	стремление светофор	с	8	13	45	8	4,34			46	19	13	14	2,566046512
С_Е_8	3	способ	светофор способ	с	8	14	46	164,2	6,72	1		46	19	13	14	2,566046512
С_К_6	1	предмет		п		1	1	154,4				54	23	10	21	2,899411765
С_К_6	1	прекрасный	предмет прекрасный	п	1	2	2	148,4	0,1			54	23	10	21	2,899411765
С_К_6	1	потрясающий	прекрасный потрясающий	п	6	3	3	5,4	0,1			54	23	10	21	2,899411765
С_К_6	1	превосходить	потрясающий превосходить	п	8	4	4	13,9	0,62	1		54	23	10	21	2,899411765
С_К_6	1	побежать	превосходить побежать	п	8	5	5	59,6	0,9	1		54	23	10	21	2,899411765
С_К_6	1	прыгнуть	побежать прыгнуть	п	3	6	6	18,1	0,1			54	23	10	21	2,899411765
С_К_6	1	по	прыгнуть по	п	8	7	7	5786,7	2,47	1		54	23	10	21	2,899411765
С_К_6	1	пылкий	по пылкий	п	8	8	8	4,4	2,83	1		54	23	10	21	2,899411765
С_К_6	1	путь	пылкий путь	п	8	9	9	357,3	0,97			54	23	10	21	2,899411765
С_К_6	1	пустыня	путь пустыня	п	8	10	10	29,9	0,1			54	23	10	21	2,899411765
С_К_6	1	прыткость	пустыня прыткость	п	8	11	11		1,44			54	23	10	21	2,899411765
С_К_6	2	путеводитель	прыткость путеводитель	п	8	12	12	3,6	1,8	1		54	23	10	21	2,899411765
С_К_6	2	плоскость	путеводитель плоскость	п	8	13	13	20	4,01	1		54	23	10	21	2,899411765
С_К_6	2	параллельность	плоскость параллельность	п	4	14	14		0,44			54	23	10	21	2,899411765
С_К_6	2	перпендикулярность	параллельность перпендикулярность	п	4	15	15		0,88	1		54	23	10	21	2,899411765
С_К_6	2	пространство	перпендикулярность пространство	п	4	16	16	147,2	2,54	1		54	23	10	21	2,899411765
С_К_6	3	предложение	пространство предложение	п	8	17	17	134,5	11,92	1	1	54	23	10	21	2,899411765
С_К_6	3	построить	предложение построить	п	8	18	18	114,9	0,77			54	23	10	21	2,899411765
С_К_6	3	подлежащее	построить подлежащее	п	8	19	19	1,9	1,69	1		54	23	10	21	2,899411765
С_К_6	3	полено	подлежащее полено	п	8	20	20	5,4	5,02			54	23	10	21	2,899411765
С_К_6	4	пушка	полено пушка	п	8	21	21	24,6	11,79	1		54	23	10	21	2,899411765
С_К_6	4	пила	пушка пила	п	8	22	22	9,2	0,1			54	23	10	21	2,899411765
С_К_6	4	пиво	пила пиво	п	8	23	23	60,3	11,4	1		54	23	10	21	2,899411765
С_К_6	1	овал		о		1	24	4,4				54	23	10	21	2,899411765
С_К_6	1	оранжевый	овал оранжевый	о	8	2	25	15,6	0,1			54	23	10	21	2,899411765
С_К_6	1	окрамлять	оранжевый окрамлять	о	8	3	26		2,23	1		54	23	10	21	2,899411765
С_К_6	1	оказия	окрамлять оказия	о	8	4	27	2	3,19	1		54	23	10	21	2,899411765
С_К_6	1	оливка	оказия оливка	о	8	5	28	1,5	1,33			54	23	10	21	2,899411765
С_К_6	2	оранжевый	оливка оранжевый	о	8	6	29	15,6	9,82	1	1	54	23	10	21	2,899411765
С_К_6	2	очный	оранжевый очный	о	8	7	30	4,6	2,36	1		54	23	10	21	2,899411765
С_К_6	2	очень	очный очень	о	1	8	31	1286,8	7,86	1		54	23	10	21	2,899411765
С_К_6	2	обед	очень обед	о	8	9	32	69,7	3,24	1		54	23	10	21	2,899411765
С_К_6	3	орхидея	обед орхидея	о	8	10	33	2,4	2,29	1		54	23	10	21	2,899411765
С_К_6	1	сирота		с		1	34	12,1				54	23	10	21	2,899411765
С_К_6	1	суп	сирота суп	с	8	2	35	27,2	0,1			54	23	10	21	2,899411765
С_К_6	1	сарказм	суп сарказм 	с	8	3	36	3,2	1,21	1		54	23	10	21	2,899411765
С_К_6	1	селективный	сарказм селективный	с	4	4	37	2	0,93	1		54	23	10	21	2,899411765
С_К_6	1	серый	селективный серый	с	8	5	38	96,1	3,45	1		54	23	10	21	2,899411765
С_К_6	1	странный	серый странный	с	8	6	39	159,5	0,1			54	23	10	21	2,899411765
С_К_6	1	самонадеянный	странный самонадеянный	с	8	7	40	1,5	1,18	1		54	23	10	21	2,899411765
С_К_6	1	самодостаточность	самонадеянный самодостаточность	с	2	8	41	1,3	0,54			54	23	10	21	2,899411765
С_К_6	2	смеяться	самодостаточность смеяться	с	8	9	42	117,9	3,63	1		54	23	10	21	2,899411765
С_К_6	2	сила	смеяться сила	с	8	10	43	645,8	1,05	1		54	23	10	21	2,899411765
С_К_6	2	солить	сила солить	с	8	11	44	2,1	0,73			54	23	10	21	2,899411765
С_К_6	2	среда	солить среда	с	8	12	45	142,4	1,24	1		54	23	10	21	2,899411765
С_К_6	2	соус	среда соус	с	33	13	46	10,8	2,72	1		54	23	10	21	2,899411765
С_К_6	2	суть	соус суть	с	8	14	47	104,9	4,27	1		54	23	10	21	2,899411765
С_К_6	2	ссора	суть ссора	с	8	15	48	13,8	2,11	1		54	23	10	21	2,899411765
С_К_6	3	страница	ссора страница	с	8	16	49	95,1	9,61	1		54	23	10	21	2,899411765
С_К_6	3	стычка	страница стычка	с	66	17	50	3,8	4,94	1		54	23	10	21	2,899411765
С_К_6	3	сполуслова	стычка сполуслова	с	8	18	51		2,98	1		54	23	10	21	2,899411765
С_К_6	4	существо	сполуслова существо	с	8	19	52	96,6	4,27	1		54	23	10	21	2,899411765
С_К_6	4	секция	существо секция	с	8	20	53	16,9	3,31	1		54	23	10	21	2,899411765
С_К_6	4	суфражистка	секция суфражистка	с	8	21	54		5,09	1		54	23	10	21	2,899411765
С_Н_1	1	паркур		п		1	1			1		56	24	9	23	1,892264151
С_Н_1	1	парник	паркур парник	п	1	2	2	1	0,1			56	24	9	23	1,892264151
С_Н_1	1	петух	парник петух	п	8	3	3	16	1,28	1		56	24	9	23	1,892264151
С_Н_1	1	полушарие	петух полушарие	п	8	4	4	6,3	0,67			56	24	9	23	1,892264151
С_Н_1	1	планета	полушарие планета	п	8	5	5	51,4	0,1			56	24	9	23	1,892264151
С_Н_1	1	Питер	планета Питер	п	8	6	6	30,4	1,77			56	24	9	23	1,892264151
С_Н_1	1	пить	Питер пить	п	1	7	7	200,9	0,1	1		56	24	9	23	1,892264151
С_Н_1	1	плавать	пить плавать	п	3	8	8	33,1	0,77	1		56	24	9	23	1,892264151
С_Н_1	1	прыгать	плавать прыгать	п	3	9	9	38,5	0,1			56	24	9	23	1,892264151
С_Н_1	1	пропускать	прыгать пропускать	п	3	10	10	22,4	0,72			56	24	9	23	1,892264151
С_Н_1	1	премудрый	пропускать премудрый	п	8	11	11	1,6	2,79			56	24	9	23	1,892264151
С_Н_1	2	преувеличивать	премудрый преувеличивать	п	2	12	12	6,7	0,1			56	24	9	23	1,892264151
С_Н_1	2	приемник	преувеличивать приемник	п	2	13	13	10,8	0,1			56	24	9	23	1,892264151
С_Н_1	2	привратник	приемник привратник	п	2	14	14	1,6	0,1			56	24	9	23	1,892264151
С_Н_1	2	претворить	привратник претворить	п	2	15	15	1,5	7,77			56	24	9	23	1,892264151
С_Н_1	2	притворить	претворить притворить	п	2	16	16	1,3	0,1	1		56	24	9	23	1,892264151
С_Н_1	2	плоский	притворить плоский	п	8	17	17	29,1	3,41	1		56	24	9	23	1,892264151
С_Н_1	3	пупырчатый	плоский пупырчатый	п	8	18	18	0,7	0,57			56	24	9	23	1,892264151
С_Н_1	3	пурпурный	пупырчатый пурпурный	п	1	19	19	3	0,75			56	24	9	23	1,892264151
С_Н_1	3	пикси	пурпурный пикси	п	8	20	20		2,21	1		56	24	9	23	1,892264151
С_Н_1	3	пикник	пикси пикник	п	1	21	21	4,1	4,74	1		56	24	9	23	1,892264151
С_Н_1	3	повестка	пикник повестка	п	8	22	22	18,3	4,46	1		56	24	9	23	1,892264151
С_Н_1	3	повествование	повестка повествование	п	2	23	23	12,7	0,96			56	24	9	23	1,892264151
С_Н_1	3	применить	повествование применить	п	8	24	24	24,6	2,36			56	24	9	23	1,892264151
С_Н_1	1	объект		о		1	25	206,4				56	24	9	23	1,892264151
С_Н_1	1	осложнение	объект осложнение	о	8	2	26	9,3	0,1			56	24	9	23	1,892264151
С_Н_1	1	отношения	осложнение отношения	о	1	3	27	557,4	0,1			56	24	9	23	1,892264151
С_Н_1	1	округление	отношения округление	о	1	4	28	0,4	0,1			56	24	9	23	1,892264151
С_Н_1	1	очки	округление очки	о	3	5	29	56	3,86		1	56	24	9	23	1,892264151
С_Н_1	1	отчетливо	очки отчетливо	о	8	6	30	27,8	3,01			56	24	9	23	1,892264151
С_Н_1	2	обоснование	отчетливо обоснование	о	3	7	31	16,4	6,64	1		56	24	9	23	1,892264151
С_Н_1	2	основание	обоснование основание	о	1	8	32	158,8	1,57			56	24	9	23	1,892264151
С_Н_1	2	ощетиниться	основание ощетиниться	о	8	9	33	1,7	14,88		1	56	24	9	23	1,892264151
С_Н_1	1	смерть		с		1	34	284,1				56	24	9	23	1,892264151
С_Н_1	1	синий	смерть синий	с	8	2	35	82,8	0,1			56	24	9	23	1,892264151
С_Н_1	1	снегирь	синий снегирь	с	8	3	36	1,1	0,98	1		56	24	9	23	1,892264151
С_Н_1	1	синичка	снегирь синичка	с	3	4	37	0,8	0,1			56	24	9	23	1,892264151
С_Н_1	1	спрыгнуть	синичка спрыгнуть	с	3	5	38	11	0,6	1		56	24	9	23	1,892264151
С_Н_1	1	съесть	спрыгнуть съесть	с	2	6	39	43,2	0,78			56	24	9	23	1,892264151
С_Н_1	1	своровать	съесть своровать	с	2	7	40	0,8	1,46	1		56	24	9	23	1,892264151
С_Н_1	1	собрать	своровать собрать	с	2	8	41	101,6	1,41	1		56	24	9	23	1,892264151
С_Н_1	1	сочинение	собрать сочинение	с	8	9	42	52,7	0,1			56	24	9	23	1,892264151
С_Н_1	1	степлер	сочинение степлер	с	8	10	43		2,86	1		56	24	9	23	1,892264151
С_Н_1	2	стакан	степлер стакан	с	8	11	44	72,8	1,87			56	24	9	23	1,892264151
С_Н_1	2	стол	стакан стол	с	3	12	45	402,5	0,77			56	24	9	23	1,892264151
С_Н_1	2	стул	стол стул	с	7	13	46	87,6	0,1			56	24	9	23	1,892264151
С_Н_1	2	стена	стул стена	с	3	14	47	261	1,41			56	24	9	23	1,892264151
С_Н_1	2	север	стена север	с	8	15	48	47	4,24			56	24	9	23	1,892264151
С_Н_1	2	свобода	север свобода	с	8	16	49	174,9	1,57			56	24	9	23	1,892264151
С_Н_1	2	своеобраный	свобода своеобраный	с	1	17	50	36,8	1,03			56	24	9	23	1,892264151
С_Н_1	2	симметричный	своеобраный симметричный	с	8	18	51	4,1	0,64			56	24	9	23	1,892264151
С_Н_1	2	самостоятельный	симметричный самостоятельный	с	8	19	52	45,6	1,41			56	24	9	23	1,892264151
С_Н_1	3	сон	самостоятельный сон	с	8	20	53	152,7	7,14	1		56	24	9	23	1,892264151
С_Н_1	3	сын	сон сын	с	1	21	54	285,1	1,39			56	24	9	23	1,892264151
С_Н_1	3	семья	сын семья	с	3	22	55	276,6	0,98			56	24	9	23	1,892264151
С_Н_1	3	СНИЛС	семья СНИЛС	с	3	23	56		3,06			56	24	9	23	1,892264151
Ф_Д_2	1	пробка		п		1	1	21,3		1		38	14	9	15	4,003714286
Ф_Д_2	1	паттерн	пробка паттерн	п	8	2	2		2,11	1		38	14	9	15	4,003714286
Ф_Д_2	1	пиво	паттерн пиво	п	8	3	3	60,3	2,18	1		38	14	9	15	4,003714286
Ф_Д_2	1	повар	пиво повар	п	8	4	4	13,3	0,7			38	14	9	15	4,003714286
Ф_Д_2	1	пилка	повар пилка	п	11	5	5	0,9	0,4			38	14	9	15	4,003714286
Ф_Д_2	1	плитка	пилка плитка	п	1	6	6	11,5	1,98	1		38	14	9	15	4,003714286
Ф_Д_2	1	помидор	плитка помидор	п	8	7	7	15,4	0,75			38	14	9	15	4,003714286
Ф_Д_2	1	плавать	помидор плавать	п	8	8	8	33,1	4,04	1		38	14	9	15	4,003714286
Ф_Д_2	2	пить	плавать пить	п	8	9	9	200,9	1,33			38	14	9	15	4,003714286
Ф_Д_2	2	петь	пить петь	п	1	10	10	143,2	0,75			38	14	9	15	4,003714286
Ф_Д_2	2	переехать	петь переехать	п	8	11	11	26,3	6,13			38	14	9	15	4,003714286
Ф_Д_2	2	помнить	переехать помнить	п	8	12	12	363,1	6,48	1		38	14	9	15	4,003714286
Ф_Д_2	3	постпанк	помнить постпанк	п	8	13	13		14,44	1		38	14	9	15	4,003714286
Ф_Д_2	3	пост	постпанк пост	п	2	14	14	84,3	3,24	1		38	14	9	15	4,003714286
Ф_Д_2	1	облако		о		1	15	43		1		38	14	9	15	4,003714286
Ф_Д_2	1	окно	облако окно	о	5	2	16	280,8	0,1			38	14	9	15	4,003714286
Ф_Д_2	1	океан	окно океан	о	1	3	17	49,8	4,94			38	14	9	15	4,003714286
Ф_Д_2	1	оливье	океан оливье	о	8	4	18	2,3	4,42			38	14	9	15	4,003714286
Ф_Д_2	1	оливка	оливье оливка	о	1	5	19	1,5	1,26			38	14	9	15	4,003714286
Ф_Д_2	2	ом	оливка ом	о	8	6	20	3,1	9,26			38	14	9	15	4,003714286
Ф_Д_2	2	он	ом он	о	1	7	21	11791,1	6,92			38	14	9	15	4,003714286
Ф_Д_2	3	океан	он океан	о	8	8	22	49,8	10,19	1		38	14	9	15	4,003714286
Ф_Д_2	3	овёс	океан овёс	о	8	9	23	5,3	8,34			38	14	9	15	4,003714286
Ф_Д_2	1	сок		с		1	24	35,8				38	14	9	15	4,003714286
Ф_Д_2	1	сигарета	сок сигарета	с	8	2	25	56,3	1,21	1		38	14	9	15	4,003714286
Ф_Д_2	1	сыр	сигарета сыр	с	8	3	26	19,5	4,35	1		38	14	9	15	4,003714286
Ф_Д_2	1	сом	сыр сом	с	8	4	27	2,9	1,11			38	14	9	15	4,003714286
Ф_Д_2	1	сон	сом сон	с	1	5	28	152,7	1,01			38	14	9	15	4,003714286
Ф_Д_2	1	сидр	сон сидр	с	8	6	29		3,45	1		38	14	9	15	4,003714286
Ф_Д_2	1	сосиска	сидр сосиска	с	3	7	30	7,5	3,24			38	14	9	15	4,003714286
Ф_Д_2	2	соль	сосиска соль	с	3	8	31	39,4	4,99			38	14	9	15	4,003714286
Ф_Д_2	2	сабля	соль сабля	с	8	9	32	7,1	6,77			38	14	9	15	4,003714286
Ф_Д_2	2	сирень	сабля сирень	с	8	10	33	8,2	6,1			38	14	9	15	4,003714286
Ф_Д_2	3	синий	сирень синий	с	3	11	34	82,8	4,86			38	14	9	15	4,003714286
Ф_Д_2	3	сел	синий сел	с	8	12	35	175,9	6,61			38	14	9	15	4,003714286
Ф_Д_2	3	стул	сел стул	с	3	13	36	87,6	2,05			38	14	9	15	4,003714286
Ф_Д_2	3	стол	стул стол	с	7	14	37	402,5	0,54			38	14	9	15	4,003714286
Ф_Д_2	3	симка	стол симка	с	8	15	38		3,88	1		38	14	9	15	4,003714286
Х_М_3	1	пирог		п		1	1	16,3		1		40	17	11	12	3,553783784
Х_М_3	1	пиво	пирог пиво	п	3	2	2	60,3	0,85			40	17	11	12	3,553783784
Х_М_3	1	память	пиво память	п	8	3	3	174,5	0,1			40	17	11	12	3,553783784
Х_М_3	1	понимание	память понимание	п	8	4	4	86,7	1,54	1		40	17	11	12	3,553783784
Х_М_3	1	писать	понимание писать	п	8	5	5	444,3	1,18			40	17	11	12	3,553783784
Х_М_3	1	прогресс	писать прогресс	п	8	6	6	28,5	1,43	1		40	17	11	12	3,553783784
Х_М_3	1	пикник	прогресс пикник	п	8	7	7	4,1	1,59			40	17	11	12	3,553783784
Х_М_3	1	принцип	пикник принцип	п	8	8	8	197,9	2,39			40	17	11	12	3,553783784
Х_М_3	1	политика	принцип политика	п	8	9	9	184,9	1,13			40	17	11	12	3,553783784
Х_М_3	2	пентаграмма	политика пентаграмма	п	8	10	10	0,6	3,52	1		40	17	11	12	3,553783784
Х_М_3	2	прикол	пентаграмма прикол	п	8	11	11	3,4	2,62	1		40	17	11	12	3,553783784
Х_М_3	2	прилежность	прикол прилежность	п	8	12	12		10,6	1		40	17	11	12	3,553783784
Х_М_3	3	пятница	прилежность пятница	п	8	13	13	30,1	1,28			40	17	11	12	3,553783784
Х_М_3	3	писать	пятница писать	п	8	14	14	444,3	5,95			40	17	11	12	3,553783784
Х_М_3	3	понимание	писать понимание	п	8	15	15	86,7	1,05			40	17	11	12	3,553783784
Х_М_3	3	психология	понимание психология	п	4	16	16	64,4	2,6	1		40	17	11	12	3,553783784
Х_М_3	3	практика	психология практика	п	8	17	17	120,7	3,39			40	17	11	12	3,553783784
Х_М_3	1	овал		о		1	18	4,4				40	17	11	12	3,553783784
Х_М_3	1	обруч	овал обруч	о	3	2	19	4	1,31	1		40	17	11	12	3,553783784
Х_М_3	1	оникс	обруч оникс	о	8	3	20	0,4	2,49	1		40	17	11	12	3,553783784
Х_М_3	1	осязание	оникс осязание	о	8	4	21	1,1	4,35	1		40	17	11	12	3,553783784
Х_М_3	1	обучение	осязание обучение	о	1	5	22	64,1	0,59			40	17	11	12	3,553783784
Х_М_3	1	объект	обучение объект	о	8	6	23	206,4	2,13			40	17	11	12	3,553783784
Х_М_3	3	обучать	объект обучать	о	2	7	24	13,6	24,6	1		40	17	11	12	3,553783784
Х_М_3	3	обстановка	обучать обстановка	о	2	8	25	76,2	10,8	1		40	17	11	12	3,553783784
Х_М_3	3	обставить	обстановка обставить	о	2	9	26	6,5	1,3			40	17	11	12	3,553783784
Х_М_3	4	объективизировать	обставить объективизировать	о	2	10	27		5,81	1		40	17	11	12	3,553783784
Х_М_3	4	антология	объективизировать антология	о	8	11	28	2,7	3,63			40	17	11	12	3,553783784
Х_М_3	1	солнце		с		1	29	165,2		1		40	17	11	12	3,553783784
Х_М_3	1	сиять	солнце сиять	с	3	2	30	35,5	0,69			40	17	11	12	3,553783784
Х_М_3	1	создавать	сиять создавать	с	8	3	31	114,1	0,8			40	17	11	12	3,553783784
Х_М_3	1	создание	создавать создание	с	2	4	32	206,1	3,88	1		40	17	11	12	3,553783784
Х_М_3	1	сыграть	создание сыграть	с	8	5	33	80,8	5,18	1		40	17	11	12	3,553783784
Х_М_3	1	суметь	сыграть суметь	с	8	6	34	83,9	0,85			40	17	11	12	3,553783784
Х_М_3	2	сымпровизировать	суметь сымпровизировать	с	33	7	35		2,03			40	17	11	12	3,553783784
Х_М_3	2	скакать	сымпровизировать скакать	с	8	8	36	2396,6	9,79	1		40	17	11	12	3,553783784
Х_М_3	2	сиреневый	скакать сиреневый	с	8	9	37	6,7	2,31	1		40	17	11	12	3,553783784
Х_М_3	2	сумбурно	сиреневый сумбурно	с	8	10	38	0,7	2,57			40	17	11	12	3,553783784
Х_М_3	3	синий	сумбурно синий	с	33	11	39	82,8	2,31			40	17	11	12	3,553783784
Х_М_3	3	сестра	синий сестра	с	8	12	40	121,3	2,85			40	17	11	12	3,553783784
Ш_А_26	1	простофиля		п		1	1	0,7				43	19	11	13	3,0875
Ш_А_26	1	потолок	простофиля потолок	п	8	2	2	57,9	0,1			43	19	11	13	3,0875
Ш_А_26	1	пол	потолок пол	п	7	3	3	181,9	0,1			43	19	11	13	3,0875
Ш_А_26	1	потоп	пол потоп	п	8	4	4	4,2	0,93	1		43	19	11	13	3,0875
Ш_А_26	1	памятка	потоп памятка	п	8	5	5	1,5	1,49	1		43	19	11	13	3,0875
Ш_А_26	1	плита	памятка плита	п	8	6	6	37,3	0,9	1		43	19	11	13	3,0875
Ш_А_26	1	память	плита память	п	22	7	7	174,5	0,1			43	19	11	13	3,0875
Ш_А_26	1	печенье	память печенье	п	8	8	8	7,9	4,32	1		43	19	11	13	3,0875
Ш_А_26	1	полёт	печенье полёт	п	8	9	9	66,5	3,32	1		43	19	11	13	3,0875
Ш_А_26	2	печка	полёт печка	п	8	10	10	2,2	2,75	1		43	19	11	13	3,0875
Ш_А_26	2	плато	печка плато	п	8	11	11	3	2,55	1		43	19	11	13	3,0875
Ш_А_26	2	печенег	плато печенег	п	11	12	12	0,7	2,08	1		43	19	11	13	3,0875
Ш_А_26	2	половец	печенег половец	п	8	13	13	0,7	3,84	1		43	19	11	13	3,0875
Ш_А_26	2	плащ	половец плащ	п	8	14	14	27,7	7,15	1		43	19	11	13	3,0875
Ш_А_26	3	пуховик	плащ пуховик	п	3	15	15	0,9	1,72	1		43	19	11	13	3,0875
Ш_А_26	3	пармезан	пуховик пармезан	п	8	16	16	0,4	2,34			43	19	11	13	3,0875
Ш_А_26	3	пуговица	пармезан пуговица	п	8	17	17	19,8	5,3	1		43	19	11	13	3,0875
Ш_А_26	3	пуп	пуговица пуп	п	8	18	18	2,5	1,08	1		43	19	11	13	3,0875
Ш_А_26	3	пастила	пуп пастила	п	8	19	19	0,7	5,99			43	19	11	13	3,0875
Ш_А_26	1	осень		о		1	20	81,8		1		43	19	11	13	3,0875
Ш_А_26	1	озимый	осень озимый	о	3	2	21	2,1	5,2	1		43	19	11	13	3,0875
Ш_А_26	2	оползень	озимый оползень	о	3	3	22	1,2	2,36	1		43	19	11	13	3,0875
Ш_А_26	2	осадок	оползень осадок	о	3	4	23	6,1	0,85			43	19	11	13	3,0875
Ш_А_26	2	огорчение	осадок огорчение	о	8	5	24	7,1	1,01			43	19	11	13	3,0875
Ш_А_26	2	орошение	огорчение орошение	о	1	6	25	1,1	4,09	1		43	19	11	13	3,0875
Ш_А_26	2	омар	орошение омар	о	8	7	26	4	6,35			43	19	11	13	3,0875
Ш_А_26	3	окурок	омар окурок	о	8	8	27	11,9	4,27			43	19	11	13	3,0875
Ш_А_26	3	осуждать	окурок осуждать	о	8	9	28	14,1	2,34			43	19	11	13	3,0875
Ш_А_26	3	оспорить	осуждать оспорить	о	2	10	29	4,2	7,46			43	19	11	13	3,0875
Ш_А_26	3	отделка	оспорить отделка	о	8	11	30	10,1	5,07			43	19	11	13	3,0875
Ш_А_26	1	стол		с		1	31	402,5				43	19	11	13	3,0875
Ш_А_26	1	стул	стол стул	с	7	2	32	87,6	0,1			43	19	11	13	3,0875
Ш_А_26	1	семечко	стул семечко	с	8	3	33	6,9	1,87	1		43	19	11	13	3,0875
Ш_А_26	1	сарай	семечко сарай	с	3	4	34	23,9	1,21	1		43	19	11	13	3,0875
Ш_А_26	1	сарафан	сарай сарафан	с	8	5	35	3,8	0,1			43	19	11	13	3,0875
Ш_А_26	1	снегирь	сарафан снегирь	с	8	6	36	1,1	8,77	1		43	19	11	13	3,0875
Ш_А_26	2	саламандра	снегирь саламандра	с	3	7	37	0,7	2,93			43	19	11	13	3,0875
Ш_А_26	2	сумка	саламандра сумка	с	8	8	38	55,5	2,18			43	19	11	13	3,0875
Ш_А_26	2	ситце	сумка ситце	с	8	9	39		7,54			43	19	11	13	3,0875
Ш_А_26	2	сеть	ситце сеть	с	1	10	40	105,5	1,15			43	19	11	13	3,0875
Ш_А_26	2	сельпо	сеть сельпо	с	8	11	41	1,4	4,24			43	19	11	13	3,0875
Ш_А_26	3	сучок	сельпо сучок	с	8	12	42	4,3	2,96			43	19	11	13	3,0875
Ш_А_26	3	сумма	сучок сумма	с	8	13	43	130,6	5,39			43	19	11	13	3,0875
Ш_Ю_23	1	парк		п		1	1	69,5				65	24	19	22	1,718870968
Ш_Ю_23	1	правда	парк правда	п	8	2	2	428,5	0,1			65	24	19	22	1,718870968
Ш_Ю_23	1	погода	правда погода	п	8	3	3	51,7	0,1			65	24	19	22	1,718870968
Ш_Ю_23	1	природа	погода природа	п	3	4	4	169,9	0,1			65	24	19	22	1,718870968
Ш_Ю_23	1	пойти	природа пойти	п	8	5	5	587,2	1,64	1		65	24	19	22	1,718870968
Ш_Ю_23	1	поесть	пойти поесть	п	7	6	6	18,3	0,1			65	24	19	22	1,718870968
Ш_Ю_23	1	поехать	поесть поехать	п	3	7	7	158,4	0,1			65	24	19	22	1,718870968
Ш_Ю_23	1	придумать	поехать придумать	п	8	8	8	97,9	0,1			65	24	19	22	1,718870968
Ш_Ю_23	1	поползти	придумать поползти	п	8	9	9	11	0,44			65	24	19	22	1,718870968
Ш_Ю_23	1	побежать	поползти побежать	п	2	10	10	59,6	0,92			65	24	19	22	1,718870968
Ш_Ю_23	1	приехать	побежать приехать	п	3	11	11	234,4	0,74			65	24	19	22	1,718870968
Ш_Ю_23	1	преграда	приехать преграда	п	1	12	12	9,9	0,1			65	24	19	22	1,718870968
Ш_Ю_23	1	порог	преграда порог	п	8	13	13	64,2	0,43			65	24	19	22	1,718870968
Ш_Ю_23	1	поползень	порог поползень	п	8	14	14		1			65	24	19	22	1,718870968
Ш_Ю_23	2	поле	поползень поле	п	1	15	15	180,2	1,33			65	24	19	22	1,718870968
Ш_Ю_23	2	полянка	поле полянка	п	2	16	16	5,4	0,69	1		65	24	19	22	1,718870968
Ш_Ю_23	2	полить	полянка полить	п	1	17	17	5,7	1,49			65	24	19	22	1,718870968
Ш_Ю_23	2	придумать	полить придумать	п	8	18	18	97,9	3,01	1		65	24	19	22	1,718870968
Ш_Ю_23	2	правда	придумать правда	п	8	19	19	428,5	6,95	1		65	24	19	22	1,718870968
Ш_Ю_23	3	признак	правда признак	п	8	20	20	78,9	6,97	1		65	24	19	22	1,718870968
Ш_Ю_23	3	проспект	признак проспект	п	8	21	21	30,04	2,42	1		65	24	19	22	1,718870968
Ш_Ю_23	3	подъезд	проспект подъезд	п	8	22	22	56,1	0,93	1		65	24	19	22	1,718870968
Ш_Ю_23	3	падение	подъезд падение	п	8	23	23	41,6	14,06	1	1	65	24	19	22	1,718870968
Ш_Ю_23	3	поворот	падение поворот	п	8	24	24	55,3	2,18	1		65	24	19	22	1,718870968
Ш_Ю_23	1	облако		о		1	25	43				65	24	19	22	1,718870968
Ш_Ю_23	1	объект	облако объект	о	8	2	26	206,4	0,1			65	24	19	22	1,718870968
Ш_Ю_23	1	объем	объект объем	о	8	3	27	165,8	0,34			65	24	19	22	1,718870968
Ш_Ю_23	1	осадок	объем осадок	о	8	4	28	6,1	1,31	1		65	24	19	22	1,718870968
Ш_Ю_23	1	остаток	осадок остаток	о	1	5	29	52,8	0,1			65	24	19	22	1,718870968
Ш_Ю_23	1	осада	остаток осада	о	11	6	30	3,6	1,52	1		65	24	19	22	1,718870968
Ш_Ю_23	1	ограда	осада ограда	о	1	7	31	18,7	0,1			65	24	19	22	1,718870968
Ш_Ю_23	1	оббежать	ограда оббежать	о	8	8	32		3,5	1		65	24	19	22	1,718870968
Ш_Ю_23	1	одолеть	оббежать одолеть	о	8	9	33	11	0,77			65	24	19	22	1,718870968
Ш_Ю_23	2	отойти	одолеть отойти	о	33	10	34	55,9	0,33			65	24	19	22	1,718870968
Ш_Ю_23	2	отвезти	отойти отвезти	о	2	11	35	19,9	0,62			65	24	19	22	1,718870968
Ш_Ю_23	2	описать	отвезти описать	о	8	12	36	64,4	2,39			65	24	19	22	1,718870968
Ш_Ю_23	2	образовать	описать образовать	о	8	13	37	21,4	0,1			65	24	19	22	1,718870968
Ш_Ю_23	2	ориентир	образовать ориентир	о	8	14	38	10,9	0,1			65	24	19	22	1,718870968
Ш_Ю_23	2	орнамент	ориентир орнамент	о	8	15	39	6	2,26	1		65	24	19	22	1,718870968
Ш_Ю_23	2	орнитолог	орнамент орнитолог	о	8	16	40	0,7	3,39	1		65	24	19	22	1,718870968
Ш_Ю_23	3	около	орнитолог около	о	8	17	41	228,1	11,07	1		65	24	19	22	1,718870968
Ш_Ю_23	3	оп	около оп	о	8	18	42	3,5	1,87			65	24	19	22	1,718870968
Ш_Ю_23	3	отверстие	оп отверстие	о	8	19	43	23,4	2,78			65	24	19	22	1,718870968
Ш_Ю_23	1	среда		с		1	44	142,4		1		65	24	19	22	1,718870968
Ш_Ю_23	1	страница	среда страница	с	8	2	45	95,1	0,1			65	24	19	22	1,718870968
Ш_Ю_23	1	сказка	страница сказка	с	3	3	46	54,7	0,1			65	24	19	22	1,718870968
Ш_Ю_23	1	слово	сказка слово	с	3	4	47	967,9	0,36			65	24	19	22	1,718870968
Ш_Ю_23	1	соединение	слово соединение	с	8	5	48	57,3	0,77	1		65	24	19	22	1,718870968
Ш_Ю_23	1	сойти	соединение сойти	с	1	6	49	55,4	0,42			65	24	19	22	1,718870968
Ш_Ю_23	1	слезть	сойти слезть	с	6	7	50	6,5	0,1			65	24	19	22	1,718870968
Ш_Ю_23	1	сбежать	слезть сбежать	с	6	8	51	22,4	0,1			65	24	19	22	1,718870968
Ш_Ю_23	1	свесить	сбежать свесить	с	2	9	52	4,7	0,1			65	24	19	22	1,718870968
Ш_Ю_23	1	снять	свесить снять	с	2	10	53	161,3	0,1			65	24	19	22	1,718870968
Ш_Ю_23	1	спать	снять спать	с	1	11	54	221,9	0,97			65	24	19	22	1,718870968
Ш_Ю_23	1	синий	спать синий	с	8	12	55	82,8	1,41	1		65	24	19	22	1,718870968
Ш_Ю_23	2	селезень	синий селезень	с	8	13	56	0,7	1,35	1		65	24	19	22	1,718870968
Ш_Ю_23	2	среда	селезень среда	с	8	14	57	142,4	1,04			65	24	19	22	1,718870968
Ш_Ю_23	2	список	среда список	с	8	15	58	97,2	3,6	1		65	24	19	22	1,718870968
Ш_Ю_23	2	съемка	список съемка	с	8	16	59	45,8	1,33	1		65	24	19	22	1,718870968
Ш_Ю_23	2	созидание	съемка созидание	с	8	17	60	3,9	2,83	1		65	24	19	22	1,718870968
Ш_Ю_23	3	совокупность	созидание совокупность	с	4	18	61	26,6	4,04	1		65	24	19	22	1,718870968
Ш_Ю_23	3	созвониться	совокупность созвониться	с	8	19	62	2,4	5,3	1		65	24	19	22	1,718870968
Ш_Ю_23	3	сыграть	созвониться сыграть	с	8	20	63	80,8	0,82	1		65	24	19	22	1,718870968
Ш_Ю_23	3	снять	сыграть снять	с	2	21	64	161,3	3,08	1		65	24	19	22	1,718870968
Ш_Ю_23	3	сползти	снять сползти	с	2	22	65	6,9	0,1			65	24	19	22	1,718870968
Я_Д_18	1	папа		п		1	1	143,4				43	18	10	15	3,41375
Я_Д_18	1	помидор	папа помидор	п	8	2	2	15,4	0,1			43	18	10	15	3,41375
Я_Д_18	1	почка	помидор почка	п	8	3	3	16,2	2,47	1		43	18	10	15	3,41375
Я_Д_18	1	печень	почка печень	п	8	4	4	19,1	0,74			43	18	10	15	3,41375
Я_Д_18	1	пол	печень пол	п	8	5	5	181,9	1,05			43	18	10	15	3,41375
Я_Д_18	1	потолок	пол потолок	п	7	6	6	57,9	0,77	1		43	18	10	15	3,41375
Я_Д_18	1	пенопласт	потолок пенопласт	п	8	7	7	0,8	3,32	1		43	18	10	15	3,41375
Я_Д_18	1	пеноплекс	пенопласт пеноплекс	п	2	8	8		1,23	1		43	18	10	15	3,41375
Я_Д_18	1	пенал	пеноплекс пенал	п	1	9	9	1,6	1,54	1		43	18	10	15	3,41375
Я_Д_18	2	паутина	пенал паутина	п	8	10	10	11,3	2,11	1		43	18	10	15	3,41375
Я_Д_18	2	паук	паутина паук	п	2	11	11	9,9	0,1			43	18	10	15	3,41375
Я_Д_18	2	поздно	паук поздно	п	8	12	12	92,5	3,81	1		43	18	10	15	3,41375
Я_Д_18	2	по	поздно по	п	1	13	13	5786,7	0,36			43	18	10	15	3,41375
Я_Д_18	2	после	по после	п	1	14	14	1080,1	0,77			43	18	10	15	3,41375
Я_Д_18	2	подожди	после подожди	п	8	15	15		5,84	1		43	18	10	15	3,41375
Я_Д_18	2	подождать	подожди подождать	п	2	16	16	56,6	3,39	1		43	18	10	15	3,41375
Я_Д_18	3	поликлиника	подождать поликлиника	п	8	17	17	12,6	14,7	1		43	18	10	15	3,41375
Я_Д_18	3	пистолет	поликлиника пистолет	п	8	18	18	59,4	4,47			43	18	10	15	3,41375
Я_Д_18	1	окно		о		1	19	280,8				43	18	10	15	3,41375
Я_Д_18	1	очередь	окно очередь	о	8	2	20	212,5	1,18	1		43	18	10	15	3,41375
Я_Д_18	1	осень	очередь осень	о	8	3	21	81,8	5,38	1		43	18	10	15	3,41375
Я_Д_18	1	очки	осень очки	о	8	4	22	56	1,8	1		43	18	10	15	3,41375
Я_Д_18	1	оптика	очки оптика	о	3	5	23	4,4	4,61	1		43	18	10	15	3,41375
Я_Д_18	2	около	оптика около	о	8	6	24	228,1	5,53	1		43	18	10	15	3,41375
Я_Д_18	2	о	около о	о	8	7	25	3407,1	0,41			43	18	10	15	3,41375
Я_Д_18	2	опоздать	о опоздать	о	8	8	26	22,6	3,88	1		43	18	10	15	3,41375
Я_Д_18	2	оливки	опоздать оливки	о	8	9	27	1,5	5,71	1		43	18	10	15	3,41375
Я_Д_18	3	олово	оливки олово	о	8	10	28	2,6	19,21			43	18	10	15	3,41375
Я_Д_18	1	собака		с		1	29	132,2				43	18	10	15	3,41375
Я_Д_18	1	солнце	собака солнце	с	8	2	30	165,2	0,1			43	18	10	15	3,41375
Я_Д_18	1	снег	солнце снег	с	3	3	31	125,2	0,1			43	18	10	15	3,41375
Я_Д_18	1	сентябрь	снег сентябрь	с	3	4	32	92,1	0,73	1		43	18	10	15	3,41375
Я_Д_18	1	слякоть	сентябрь слякоть	с	3	5	33	2,7	4,58	1		43	18	10	15	3,41375
Я_Д_18	1	сапоги	слякоть сапоги	с	3	6	34	62	5,02	1		43	18	10	15	3,41375
Я_Д_18	1	слон	сапоги слон	с	8	7	35	23,8	0,1			43	18	10	15	3,41375
Я_Д_18	2	сапфир	слон сапфир	с	8	8	36	1,4	5,86	1		43	18	10	15	3,41375
Я_Д_18	2	стол	сапфир стол	с	8	9	37	402,5	2,36			43	18	10	15	3,41375
Я_Д_18	2	стул	стол стул	с	7	10	38	87,6	0,1			43	18	10	15	3,41375
Я_Д_18	2	стекло	стул стекло	с	8	11	39	102,8	3,26	1		43	18	10	15	3,41375
Я_Д_18	2	спор	стекло спор	с	8	12	40	79,2	6,27			43	18	10	15	3,41375
Я_Д_18	3	спорить	спор спорить	с	2	13	41	53,1	1,44			43	18	10	15	3,41375
Я_Д_18	3	свекла	спорить свекла	с	8	14	42	7,4	6,67	1		43	18	10	15	3,41375
Я_Д_18	3	свитер	свекла свитер	с	1	15	43	15	5,48			43	18	10	15	3,41375